smtp.jjmti.net|2525|donovan.b@jjmti.net|jeremi19
mail.gmbhh.com|587|kontakt@gmbhh.com|grawusel78
mail.herchen.net|587|sebastian@herchen.net|sebseb02
smtp.mikulic.com|2525|ernie1@mikulic.com|crimson55
live-namsouth3.office365.com|587|zelania.silva@educacao.ba.gov.br|Vidanova2018
smtp.seoulglass.com|25|kyk@seoulglass.com|kyk46477
mcfaddenmusic.ca|587|info@mcfaddenmusic.ca|davd4613
smtp-qa.junao.club|25|3mruii@junao.club|q42ptt6sguji
pastas.balt.net|25|raimondas.mazulis@memel-law.com|lexestrex
smtp.aliyun.com|25|wongsing@aliyun.com|beyond4543
ductrong.gov.vn|25|thainq@ductrong.gov.vn|123456
lumerneville.com|587|jneville@lumerneville.com|bunger11
smtp.brambillasca.it|587|foto@brambillasca.it|F1L2b3f4
solutionterminal.com|587|money@solutionterminal.com|Bi5rhcr5!
smtp.giannisani.com|587|info@giannisani.com|montenero
derpymail.org|587|madpixel@derpymail.org|temka8648
smtp.fsyyy.com|587|pxiang@fsyyy.com|px116116
smtp.sh163.net|587|sk1020@sh163.net|Sk801020
ai-tcm.ch|25|info@ai-tcm.ch|heike2
ibswin.com|587|mkenyon@ibswin.com|Pharaoh9!
smtp.cpuia.org.cn|25|adm@cpuia.org.cn|h1b5l2
smtp.lavinarte.it|587|info@lavinarte.it|viludo_10
fibertecinc.com|587|szunino@fibertecinc.com|Fibertec1234
fibertecinc.com|587|jaten@fibertecinc.com|fibertec1234
smtp.pugliameraviglia.it|587|info@pugliameraviglia.it|Umbracchie2013
mail.bigmeeting4u.com|587|kapitalizm56058@bigmeeting4u.com|7813543
fibertecinc.com|587|jcortes@fibertecinc.com|Fibertec1234
smtp.terranovaservizi.it|587|gvidale@terranovaservizi.it|b23052300772a
mail.living.org|587|dee@living.org|Carysister
ductrong.gov.vn|25|thainq@ductrong.gov.vn|123456
mail.leico-web.com.tw|25|k2020@leico-web.com.tw|a2345678
kelta.com.ar|587|lucasvazquez@kelta.com.ar|qac27950
marsatas.lt|587|atxas@marsatas.lt|Makacius321
mail.bigmeeting4u.com|587|kapitalizm56058@bigmeeting4u.com|7813543
smtp.eresmas.com|25|eb2aty@eresmas.com|Toposk1975
smtp.ersel.tc|587|utku.ozbal@ersel.tc|karakartal23
mail.oopi.org|587|andreatbang@oopi.org|wh10itier
mail.pinkypetals.net|587|marylnblazierprwb@shaina.pinkypetals.net|ikz75k1m
mail.pinkypetals.net|587|maryloustancielremv@shaina.pinkypetals.net|z139ebpn
mail.colerainecable.com|587|scoop@colerainecable.com|scoop100
mail.examplel.com|587|lageronte@examplel.com|fbobh_
mail.pinkypetals.net|587|marylouisemeterfagc@pinksweet.pinkypetals.net|c8U31Dfp
mail.mail-from-dot.com|587|lenitatichenor@mail-from-dot.com|Mu30xxxP
mail.pinkypetals.net|587|maryamnegrettexrzc@ilovepink.pinkypetals.net|57n4eWRU
mail.pinkypetals.net|587|mathildanourynqle@pinksweet.pinkypetals.net|t331dktd
mail.pinkypetals.net|587|matthewaldingervges@james.pinkypetals.net|2Y5e6KEW
mail.pinkypetals.net|587|matthewfemiaidae@pinksweet.pinkypetals.net|473zuomi
mail.pinkypetals.net|587|maudechalkleyjceg@shaina.pinkypetals.net|ms669ggt
mail.domozmail.com|587|uuui865@domozmail.com|byiojdhykx
mail.mail-from-dot.com|587|delsiebeamon@mail-from-dot.com|RWg5fIu5
smtp.brambillasca.it|587|foto@brambillasca.it|F1L2b3f4
smtp.giannisani.com|587|info@giannisani.com|montenero
ductrong.gov.vn|25|thainq@ductrong.gov.vn|123456
lumerneville.com|587|jneville@lumerneville.com|bunger11
solutionterminal.com|587|money@solutionterminal.com|Bi5rhcr5!
smtp.sh163.net|587|sk1020@sh163.net|Sk801020
smtp.cpuia.org.cn|25|adm@cpuia.org.cn|h1b5l2
derpymail.org|587|madpixel@derpymail.org|temka8648
smtp.fsyyy.com|587|pxiang@fsyyy.com|px116116
smtp.lavinarte.it|587|info@lavinarte.it|viludo_10
ibswin.com|587|mkenyon@ibswin.com|Pharaoh9!
ai-tcm.ch|25|info@ai-tcm.ch|heike2
smtp.ftol.com.cn|587|longjing@ftol.com.cn|Shiting521
kelta.com.ar|587|lucasvazquez@kelta.com.ar|qac27950
fibertecinc.com|587|szunino@fibertecinc.com|Fibertec1234
fibertecinc.com|587|jaten@fibertecinc.com|fibertec1234
mail.bigmeeting4u.com|587|kapitalizm56058@bigmeeting4u.com|7813543
smtp.eresmas.com|25|juanmis@eresmas.com|83sali91nas
mail.living.org|587|dee@living.org|Carysister
smtp.eresmas.com|25|eb2aty@eresmas.com|Toposk1975
smtp.eresmas.com|25|fusca@eresmas.com|oropesa
smtp.eresmas.com|25|csanv@eresmas.com|as5k9art
mail.leico-web.com.tw|25|k2020@leico-web.com.tw|a2345678
fibertecinc.com|587|jcortes@fibertecinc.com|Fibertec1234
kelta.com.ar|587|lucasvazquez@kelta.com.ar|qac27950
marsatas.lt|587|atxas@marsatas.lt|Makacius321
ductrong.gov.vn|25|thainq@ductrong.gov.vn|123456
smtp.ersel.tc|587|utku.ozbal@ersel.tc|karakartal23
mail.bigmeeting4u.com|587|kapitalizm56058@bigmeeting4u.com|7813543
lumerneville.com|587|jneville@lumerneville.com|bunger11
solutionterminal.com|587|money@solutionterminal.com|Bi5rhcr5!
ductrong.gov.vn|25|thainq@ductrong.gov.vn|123456
smtp.giannisani.com|587|info@giannisani.com|montenero
derpymail.org|587|madpixel@derpymail.org|temka8648
smtp.brambillasca.it|587|foto@brambillasca.it|F1L2b3f4
smtp.fsyyy.com|587|pxiang@fsyyy.com|px116116
smtp.sh163.net|587|sk1020@sh163.net|Sk801020
ai-tcm.ch|587|info@ai-tcm.ch|heike2
ibswin.com|587|mkenyon@ibswin.com|Pharaoh9!
smtp.cpuia.org.cn|25|adm@cpuia.org.cn|h1b5l2
smtp.21cn.com|25|pangming105@21cn.com|3937077aa
smtp.lavinarte.it|587|info@lavinarte.it|viludo_10
kelta.com.ar|587|lucasvazquez@kelta.com.ar|qac27950
fibertecinc.com|587|szunino@fibertecinc.com|Fibertec1234
fibertecinc.com|587|jaten@fibertecinc.com|fibertec1234
mail.bigmeeting4u.com|587|kapitalizm56058@bigmeeting4u.com|7813543
fibertecinc.com|587|jcortes@fibertecinc.com|Fibertec1234
smtp.pugliameraviglia.it|587|info@pugliameraviglia.it|Umbracchie2013
smtp.terranovaservizi.it|587|gvidale@terranovaservizi.it|b23052300772a
mail.leico-web.com.tw|25|k2020@leico-web.com.tw|a2345678
ductrong.gov.vn|25|thainq@ductrong.gov.vn|123456
mail.living.org|587|dee@living.org|Carysister
kelta.com.ar|587|lucasvazquez@kelta.com.ar|qac27950
marsatas.lt|587|atxas@marsatas.lt|Makacius321
mail.bigmeeting4u.com|587|kapitalizm56058@bigmeeting4u.com|7813543
smtp.eresmas.com|25|eb2aty@eresmas.com|Toposk1975
smtp.ersel.tc|587|utku.ozbal@ersel.tc|karakartal23
mail.oopi.org|587|andreatbang@oopi.org|wh10itier
mail.colerainecable.com|587|scoop@colerainecable.com|scoop100
mail.pinkypetals.net|587|marylnblazierprwb@shaina.pinkypetals.net|ikz75k1m
mail.examplel.com|587|lageronte@examplel.com|fbobh_
mail.mail-from-dot.com|587|lenitatichenor@mail-from-dot.com|Mu30xxxP
mail.pinkypetals.net|587|marylouisemeterfagc@pinksweet.pinkypetals.net|c8U31Dfp
mail.pinkypetals.net|587|mathildanourynqle@pinksweet.pinkypetals.net|t331dktd
mail.pinkypetals.net|587|matthewaldingervges@james.pinkypetals.net|2Y5e6KEW
mail.pinkypetals.net|587|maryamnegrettexrzc@ilovepink.pinkypetals.net|57n4eWRU
mail.pinkypetals.net|587|matthewfemiaidae@pinksweet.pinkypetals.net|473zuomi
mail.pinkypetals.net|587|maudechalkleyjceg@shaina.pinkypetals.net|ms669ggt
mail.domozmail.com|587|uuui865@domozmail.com|byiojdhykx
mail.mail-from-dot.com|587|delsiebeamon@mail-from-dot.com|RWg5fIu5
smtp.brambillasca.it|587|foto@brambillasca.it|F1L2b3f4
smtp.giannisani.com|587|info@giannisani.com|montenero
ductrong.gov.vn|25|thainq@ductrong.gov.vn|123456
solutionterminal.com|587|money@solutionterminal.com|Bi5rhcr5!
smtp.sh163.net|587|sk1020@sh163.net|Sk801020
smtp.cpuia.org.cn|25|adm@cpuia.org.cn|h1b5l2
derpymail.org|587|madpixel@derpymail.org|temka8648
smtp.lavinarte.it|587|info@lavinarte.it|viludo_10
smtp.ftol.com.cn|587|longjing@ftol.com.cn|Shiting521
kelta.com.ar|587|lucasvazquez@kelta.com.ar|qac27950
smtp.pugliameraviglia.it|587|info@pugliameraviglia.it|Umbracchie2013
fibertecinc.com|587|szunino@fibertecinc.com|Fibertec1234
smtp.terranovaservizi.it|587|gvidale@terranovaservizi.it|b23052300772a
fibertecinc.com|587|jaten@fibertecinc.com|fibertec1234
mail.bigmeeting4u.com|587|kapitalizm56058@bigmeeting4u.com|7813543
smtp.eresmas.com|25|eb2aty@eresmas.com|Toposk1975
smtp.eresmas.com|25|fusca@eresmas.com|oropesa
smtp.eresmas.com|25|csanv@eresmas.com|as5k9art
smtp.eresmas.com|25|juanmis@eresmas.com|83sali91nas
mail.living.org|587|dee@living.org|Carysister
fibertecinc.com|587|jcortes@fibertecinc.com|Fibertec1234
ductrong.gov.vn|25|thainq@ductrong.gov.vn|123456
smtp.ersel.tc|587|utku.ozbal@ersel.tc|karakartal23
kelta.com.ar|587|lucasvazquez@kelta.com.ar|qac27950
marsatas.lt|587|atxas@marsatas.lt|Makacius321
mail.bigmeeting4u.com|587|kapitalizm56058@bigmeeting4u.com|7813543
ductrong.gov.vn|25|thainq@ductrong.gov.vn|123456
ductrong.gov.vn|25|thainq@ductrong.gov.vn|123456
solutionterminal.com|587|money@solutionterminal.com|Bi5rhcr5!
smtp.giannisani.com|587|info@giannisani.com|montenero
derpymail.org|587|madpixel@derpymail.org|temka8648
smtp.sh163.net|587|sk1020@sh163.net|Sk801020
smtp.fsyyy.com|587|pxiang@fsyyy.com|px116116
smtp.21cn.com|25|pangming105@21cn.com|3937077aa
smtp.cpuia.org.cn|25|adm@cpuia.org.cn|h1b5l2
smtp.lavinarte.it|587|info@lavinarte.it|viludo_10
kelta.com.ar|587|lucasvazquez@kelta.com.ar|qac27950
fibertecinc.com|587|szunino@fibertecinc.com|Fibertec1234
fibertecinc.com|587|jaten@fibertecinc.com|fibertec1234
smtp.pugliameraviglia.it|587|info@pugliameraviglia.it|Umbracchie2013
mail.bigmeeting4u.com|587|kapitalizm56058@bigmeeting4u.com|7813543
fibertecinc.com|587|jcortes@fibertecinc.com|Fibertec1234
mail.living.org|587|dee@living.org|Carysister
ductrong.gov.vn|25|thainq@ductrong.gov.vn|123456
smtp.terranovaservizi.it|587|gvidale@terranovaservizi.it|b23052300772a
mail.leico-web.com.tw|25|k2020@leico-web.com.tw|a2345678
marsatas.lt|587|atxas@marsatas.lt|Makacius321
kelta.com.ar|587|lucasvazquez@kelta.com.ar|qac27950
mail.bigmeeting4u.com|587|kapitalizm56058@bigmeeting4u.com|7813543
smtp.eresmas.com|25|eb2aty@eresmas.com|Toposk1975
smtp.ersel.tc|587|utku.ozbal@ersel.tc|karakartal23
mail.oopi.org|587|andreatbang@oopi.org|wh10itier
mail.pinkypetals.net|587|marylnblazierprwb@shaina.pinkypetals.net|ikz75k1m
mail.colerainecable.com|587|scoop@colerainecable.com|scoop100
mail.examplel.com|587|lageronte@examplel.com|fbobh_
mail.mail-from-dot.com|587|lenitatichenor@mail-from-dot.com|Mu30xxxP
mail.pinkypetals.net|587|marylouisemeterfagc@pinksweet.pinkypetals.net|c8U31Dfp
mail.pinkypetals.net|587|maryamnegrettexrzc@ilovepink.pinkypetals.net|57n4eWRU
mail.pinkypetals.net|587|mathildanourynqle@pinksweet.pinkypetals.net|t331dktd
mail.pinkypetals.net|587|matthewaldingervges@james.pinkypetals.net|2Y5e6KEW
mail.pinkypetals.net|587|matthewfemiaidae@pinksweet.pinkypetals.net|473zuomi
mail.pinkypetals.net|587|maudechalkleyjceg@shaina.pinkypetals.net|ms669ggt
mail.domozmail.com|587|uuui865@domozmail.com|byiojdhykx
mail.mail-from-dot.com|587|delsiebeamon@mail-from-dot.com|RWg5fIu5
smtp.giannisani.com|587|info@giannisani.com|montenero
ductrong.gov.vn|25|thainq@ductrong.gov.vn|123456
smtp.brambillasca.it|587|foto@brambillasca.it|F1L2b3f4
solutionterminal.com|587|money@solutionterminal.com|Bi5rhcr5!
smtp.cpuia.org.cn|25|adm@cpuia.org.cn|h1b5l2
smtp.fsyyy.com|587|pxiang@fsyyy.com|px116116
smtp.sh163.net|587|sk1020@sh163.net|Sk801020
derpymail.org|587|madpixel@derpymail.org|temka8648
smtp.21cn.com|25|pangming105@21cn.com|3937077aa
ai-tcm.ch|587|info@ai-tcm.ch|heike2
smtp.lavinarte.it|587|info@lavinarte.it|viludo_10
smtp.ftol.com.cn|587|longjing@ftol.com.cn|Shiting521
fibertecinc.com|587|szunino@fibertecinc.com|Fibertec1234
kelta.com.ar|587|lucasvazquez@kelta.com.ar|qac27950
smtp.pugliameraviglia.it|587|info@pugliameraviglia.it|Umbracchie2013
smtp.terranovaservizi.it|587|gvidale@terranovaservizi.it|b23052300772a
mail.leico-web.com.tw|25|k2020@leico-web.com.tw|a2345678
mail.bigmeeting4u.com|587|kapitalizm56058@bigmeeting4u.com|7813543
smtp.eresmas.com|25|eb2aty@eresmas.com|Toposk1975
smtp.eresmas.com|25|fusca@eresmas.com|oropesa
mail.living.org|587|dee@living.org|Carysister
smtp.eresmas.com|25|juanmis@eresmas.com|83sali91nas
smtp.eresmas.com|25|csanv@eresmas.com|as5k9art
fibertecinc.com|587|jcortes@fibertecinc.com|Fibertec1234
fibertecinc.com|587|jaten@fibertecinc.com|fibertec1234
ductrong.gov.vn|25|thainq@ductrong.gov.vn|123456
kelta.com.ar|587|lucasvazquez@kelta.com.ar|qac27950
marsatas.lt|587|atxas@marsatas.lt|Makacius321
smtp.ersel.tc|587|utku.ozbal@ersel.tc|karakartal23
mail.bigmeeting4u.com|587|kapitalizm56058@bigmeeting4u.com|7813543
smtp.brambillasca.it|587|foto@brambillasca.it|F1L2b3f4
ductrong.gov.vn|25|thainq@ductrong.gov.vn|123456
smtp.giannisani.com|587|info@giannisani.com|montenero
solutionterminal.com|587|money@solutionterminal.com|Bi5rhcr5!
smtp.sh163.net|587|sk1020@sh163.net|Sk801020
smtp.fsyyy.com|587|pxiang@fsyyy.com|px116116
derpymail.org|587|madpixel@derpymail.org|temka8648
smtp.cpuia.org.cn|25|adm@cpuia.org.cn|h1b5l2
smtp.21cn.com|25|pangming105@21cn.com|3937077aa
ai-tcm.ch|587|info@ai-tcm.ch|heike2
smtp.lavinarte.it|587|info@lavinarte.it|viludo_10
smtp.ftol.com.cn|587|longjing@ftol.com.cn|Shiting521
mx1.torpig-sinkhole.org|587|anahaweze@popemailwe.com|anahaweze
mail.bigmeeting4u.com|587|almaz37046@bigmeeting4u.com|almaz37046
mail.kfedisbroke.com|587|g7a7n8cbkb@kfedisbroke.com|karthik618
mail.bigmeeting4u.com|587|almaz75865@bigmeeting4u.com|almaz75865
ipmslindia.com|587|manish.bhardwaj@ipmslindia.com|bhardwaj
vriti-interactive.com|587|kanakgupta@vriti-interactive.com|inisgreat
alcatelaleniaspace.com|587|yann.a.vitupier@alcatelaleniaspace.com|composit06
mail.wowauctionguide.com|587|williamisapp@wowauctionguide.com|xtseo2011tdx$
mmarelli-se.com|587|antonio.mois@mmarelli-se.com|kelmer012!
mail.who-got-mail.com|587|uhk.jackson7128@who-got-mail.com|8217noskcaj.khu$
mail.examplel.com|587|sinan_114@examplel.com|sinan12
mail.wowauctionguide.com|587|williamissub@wowauctionguide.com|4d6105bfadc15d9ebeb5864ae
atar-dinami.com|587|luewl@atar-dinami.com|38sl1jeyzc
mail.wowauctionguide.com|587|williamisvzo@wowauctionguide.com|xtseo2011tdx
iranekarafarin.com|587|admin@iranekarafarin.com|H8coXAmp-4FQ
smtp.oppo-aed.vn|25|hongchuong.luu@oppo-aed.vn|Chuong@2301
mail.zeop.re|587|philippelauret@zeop.re|F48qkzhJyf
smtp.csccomplexcenter.la|587|daraya-secretary.mdpm@csccomplexcenter.la|csc@1234
smtp.aprym.com|587|coachdelacroix@aprym.com|Delacroix7@
screen4adv.com|587|m.saeed@screen4adv.com|screen159357
kioscomatico.com|587|alheli.leon@kioscomatico.com|Kiosco2021$$
mail.hopluc.vn|587|support@hopluc.vn|77Nguyentu//
redmonkey.host|587|tricepspacket@redmonkey.host|tlRuCA+L}gE]
smtp-qa.junao.club|25|5hjcvz8s1@junao.club|7fgg1v
pontadapiedadebooking.com|587|bookings@pontadapiedadebooking.com|pontadapiedade2019
smtp.waycon.com|587|mouadh.khelifi@waycon.com|PZs33v7Fi
outlook-namsouth3.office365.com|587|cecilia.cob@jadomaristak.eus|Jab.1759
emig.freenet.de|587|dschmidt1985@fn.de|Schmidt1985..
smtp.osnanet.de|587|bk355@osnanet.de|thimar
smtp.osnanet.de|587|d.a.stolzenburg@osnanet.de|Stolzenburg4
mail.mnet-online.de|587|ra-ewald@mnet-online.de|lukretzchen
emig.freenet.de|587|mike84@freenetmail.de|mike1984
smtp.aueb.gr|587|ntelipan@aueb.gr|tzoytzoykatzoytzoyka0360
mail.zeop.re|587|brunokloc@zeop.re|Titanbabo21
konin.lm.pl|587|olejnik@konin.lm.pl|agarob
mrukseo.pl|587|m_mrugalski@mrukseo.pl|1985Boni@
mail.zeop.re|587|teddyhonorine@zeop.re|J8wchYWCP!
smtp.telepolis.com|25|didacx@telepolis.com|skirimoki
mail.013.net.il|25|victora59@013.net.il|102030
smtp.1337.no|587|ninja123456@1337.no|ninja123456
smtp.nsuniv.ac.in|587|placement@nsuniv.ac.in|Welcome@1234#
konin.lm.pl|587|jnyzio@konin.lm.pl|Fisherfisher11
carestarz.com|587|enquiry@carestarz.com|carestar123!@#
konin.lm.pl|587|atrix@konin.lm.pl|zima71
popularrobotics.com|587|yunus@popularrobotics.com|@#$%babawo
smtp.elitonfernando.com.br|587|contato@elitonfernando.com.br|eliton2015
smtp.aueb.gr|587|papadakis@aueb.gr|nazgul781123@
mail.iexchange.co.za|587|lwebber@iexchange.co.za|lanew278123#
smtp.aueb.gr|587|ntelipan@aueb.gr|tzoytzoyka111!1
smtp.pcug.org.au|587|jgunn@pcug.org.au|jgunn4441230@
smtp.lepro.co.za|587|printer@lepro.co.za|Secure246!1
mail.keszthelynet.hu|2525|p.marton@keszthelynet.hu|MpcrIueuq1
mail.fonyodnet.hu|587|vegh.mariann@fonyodnet.hu|Anya73062222224$
smtp.hosptech.com.br|587|engenharia@hosptech.com.br|Hsp75369~
outlook-namnorthwest4.office365.com|587|23687@epralima.pt|252987225
mail.emoneyar.com|25|gadn2865@emoneyar.com|84h1s4kt9s
newcominvestments.com|587|marketing@newcominvestments.com|vFwV0EwRvu0P
mail.genomear.com|25|egrw7416@genomear.com|7n498cf2sl
w7654.com|25|t187in@w7654.com|f21u2m
ms7.ncv.ne.jp|587|irynag@ms7.ncv.ne.jp|nagnag12345
smtp.aueb.gr|587|ntelipan@aueb.gr|tzoytzoykatzoytzoyka1471qwe
mail.zeop.re|587|brunokloc@zeop.re|Titanbabo!-20123
ms5.ncv.ne.jp|587|h-ebiko2@ms5.ncv.ne.jp|miyu0806
homa.ir|587|admin@homa.ir|@Mol@@%00@
smtp.feniisa.com|587|fausto@feniisa.com|F3n1Is@2015
outlook-namsouth2.office365.com|587|soma.ale@vgos.org|vib@321$
smtp.iafrica.com|587|tracia@iafrica.com|George66
smtp.jepic-bj.org|25|yurugi@jepic-bj.org|mkyurugiii!&123
constructoradacar.com|25|contacto@constructoradacar.com|dacar2018
smtp.akeonet.com|587|houbert.stephanie@akeonet.com|160793
futurelandsurveys.com|587|fmls1@futurelandsurveys.com|$Future123!
mail.eeet8fx.com|25|s85xuixnc3@eeet8fx.com|jsumf1
mail.eeet8fx.com|25|7ggy7y57c4@eeet8fx.com|t4yli7
mail.chilear.com|25|ifaf3420@chilear.com|fwq708bm42
webtostart.com|25|webmaster@webtostart.com|Ahm@d#81
233bdd.com|25|qqpo5780@233bdd.com|x1981xe1jy
mail.tokyoar.com|25|kpkk4181@tokyoar.com|10ufh90u3y
webmail.e.email|587|med.salah@e.email|tamanart1965
mail.cardsar.com|25|khfp3019@cardsar.com|9l0v9sn29b
cscm.eu|587|natalia.grochowska@cscm.eu|superwoman
keypos.ca|587|s.nessim@keypos.ca|Sam170846@
hbcfrankfort.org|587|pastor@hbcfrankfort.org|hbcmej92
mail.1hear.top|25|819705@1hear.top|r896jkx82h
pnn.com.my|587|wilsonteo@pnn.com.my|wilson
mail.ath.hcmr.gr|25|nzaro@ath.hcmr.gr|@Nikos1
peps.net.au|587|ellisha@peps.net.au|Thoma$07
webmail.narit.or.th|587|chaiyaphorn@narit.or.th|Tongnaja@1625
bdg.idl.pl|587|no-reply@bdg.idl.pl|Ciasteczko4
tlxxj.cn|25|swty012010@tlxxj.cn|839Z87NEjO
webmail.e.email|587|jana.vasileva86@e.email|kari.2018godina
collibooks.com|587|suporteti@collibooks.com|JfQMK53yftkCyEw
smtp.triwings.pro|587|yvona@triwings.pro|paris*75*
mail.kdota.com|25|qcqlmq@kdota.com|t8r2j8
smtp.marinhoribeiro.adv.br|587|wiltonleonardo@marinhoribeiro.adv.br|advogado
ggamepoint.pl|587|wvpvvay@ggamepoint.pl|gcj>dA!1Za
smtp.189.cn|587|15681649907@189.cn|72129Guo*
smtp.jepic-bj.org|25|yurugi@jepic-bj.org|mkyurugiYq1
smtp.aueb.gr|587|ntelipan@aueb.gr|tzoytzoyka202122
smtp.pcug.org.au|587|jgunn@pcug.org.au|jgunn444315125!
smtp.pcug.org.au|587|jgunn@pcug.org.au|jgunn4442jgunn4442123
smtp.hemi.eng.br|587|nylson@hemi.eng.br|Branca83
outlook-namsouth6.office365.com|587|nattapotb59@nu.ac.th|Khaomaikolp1
mail.orentech.com.vn|587|accountant@orentech.com.vn|vn30072013
aceinspiration.com|587|info@aceinspiration.com|testing!@#123
smtp.alhoplanalto.com.br|587|david@alhoplanalto.com.br|dvd761989
smtp.mx4.canvas.ne.jp|587|th1005startline@mx4.canvas.ne.jp|tk941001
powertally.co.tz|587|solutions@powertally.co.tz|Solutions@123
mail.cardsar.com|25|kgpd6263@cardsar.com|jyl7b84e76
mail.cardsar.com|25|lizh5929@cardsar.com|5dw631uij7
mail.marvel.com.sa|587|notify@marvel.com.sa|848681hf_?
mail.komelek.vn|587|thuyvo@komelek.vn|komelek@123
smtp.iafrica.com|587|thulisile@iafrica.com|jabulani
mail.israelar.com|25|jzru7454@israelar.com|32o6z2ndw4
mail.1baby.top|25|281591@1baby.top|f1k16ic84d
mail.arizonaar.com|25|lkhx4446@arizonaar.com|0x3kh28v8n
mail.idahoar.com|25|jtib1457@idahoar.com|p9n7mc3g04
mail.77awful.top|25|006359@77awful.top|2tdu75o2q9
smtp.jepic-bj.org|25|yurugi@jepic-bj.org|mkyurugiii$
smtp.idnet.com|587|marcranford@idnet.com|jesscat
almehwar.ly|587|reda@almehwar.ly|Re0925044180
noroncar.ir|587|info@noroncar.ir|CnlDKsQem-Q2
mail.nas.sy|25|m.ghannoum@nas.sy|0949141679admin@@
mail.vw-crestadelvalle.com.mx|2525|ventas12@vw-crestadelvalle.com.mx|Vendedor12
smtp.osnanet.de|587|GUENTER.LEUFTINK@osnanet.de|guenter
smtp.ewe.net|587|Petra.zimmermann6@ewe.net|petra173
smtp.west-telecom.com|587|LEGRANDCO@west-telecom.com|pimpom
smtp.silkolor.fr|587|Silkolor@silkolor.fr|silkolor
triplea-travel.com|587|resa@triplea-travel.com|M@g?$}T9@i=V
smtp.ewe.net|587|MARIE.STEINMETZ@ewe.net|ewemarie
smtp.west-telecom.com|587|HARTNICOLAS@west-telecom.com|topaze57
smtp.ozone.net|587|BOSQUET.LAURENT@ozone.net|Andreaeva27
webmail.mahidol.ac.th|587|jittree.boo@mahidol.ac.th|myboyfriend
smtp.ozone.net|587|Jproiff@ozone.net|21CHAZilly
smtp.osnanet.de|587|ROBIN.SANDMANN@osnanet.de|rabbit
mail.israelar.com|25|fyfj0023@israelar.com|t26r9l7k9p
smtp.ozone.net|587|Fe.elyna@ozone.net|Elyna2004
mail.idahoar.com|25|jxnw0571@idahoar.com|noo140g74b
smtp.davidbowie.com|587|Mcbowiewulf@davidbowie.com|london
mail.1base.top|25|750029@1base.top|wdr02k125m
mail.gamblear.com|25|fkbq0471@gamblear.com|8rmb3q08y9
tlxxj.cn|25|stmf000960@tlxxj.cn|Yo0966MwI7
mail.abcmeridian.top|25|428362@abcmeridian.top|sx8c0z706w
smtp.realizetur.com.br|587|contatojp@realizetur.com.br|Jp367452
my.bshg.com.tr|587|cky00063693@my.bshg.com.tr|mus070809mus
mail.cpaar.com|25|jxch4448@cpaar.com|jac51g9j78
mail.bayabc.top|25|358230@bayabc.top|763jui2qh8
mail.1able.top|25|071827@1able.top|505tbpf86v
mail.1bean.top|25|141029@1bean.top|19o5fp99ad
globalconvergencesolutions.com|587|tableau@globalconvergencesolutions.com|*Convergence#2020
mail.abcmaximum.top|25|358265@abcmaximum.top|06mr2f5g6f
escoladelibras.com|587|professor11@escoladelibras.com|Unintese100%
escoladelibras.com|587|professor6@escoladelibras.com|Unintese100%
mail.77bath.top|25|811671@77bath.top|ju474n3dj7
smtp.rogerswealthmgt.com|2525|brian@rogerswealthmgt.com|Aniela55
smtp.jcm3.com.br|587|cwkalil@jcm3.com.br|12345678
mail.1369.vn|587|e.bill@1369.vn|cpxd1369@123
mail.77kick.top|25|540453@77kick.top|9l4y2zy1o3
webmail.e.email|587|fba-ecomagency@e.email|Sanlucido1
webmail.e.email|587|jeffreykroonenberg@e.email|Zusje2210
smtp.uralweb.ru|25|belyanin@uralweb.ru|140402
mail.1hear.top|25|092354@1hear.top|6c1sspr515
smtp.uralweb.ru|25|simona@uralweb.ru|Svetik777
t.pl|587|betibeata26@t.pl|SZEWCZYK1234567890
smtp.lds.net.ua|587|myrka@lds.net.ua|rbw390xw
smtp.waika9.com|587|h.senga@waika9.com|moritani
mbox.iij4u.or.jp|587|irie@ss.iij4u.or.jp|54012313
mbox.iij4u.or.jp|587|ooki@pp.iij4u.or.jp|goforit0
live-namnorthwest4.office365.com|587|ofsanchezs@itc.edu.co|Ironmaiden2018
smtp.9business.fr|587|benabdelkader@9business.fr|soleil013
smtp.mageos.com|587|michelle.rousseau@mageos.com|chatcalin
smtp.mageos.com|587|der2000@mageos.com|cessna2000
smtp.akeonet.com|587|leroy.michel@akeonet.com|marmotte
smtp.canl.nc|587|facom@canl.nc|chienbleu
smtp.sotolab.co.jp|587|kumada@sotolab.co.jp|tent0159
mail.alfeemania.com|587|nao-70519-nao@alfeemania.com|hanihani
baskijski.net|587|ks@baskijski.net|Krzysierek123579
student.cankaya.edu.tr|587|c1219301@student.cankaya.edu.tr|Yns236236yns.
smtp-qa.taasingemail.dk|587|cal@taasingemail.dk|Cali2117!!
mail.granadillamedia.com|587|clarisse@granadillamedia.com|UJFQeLBQo
live-namsouth.office365.com|587|mtamerabd1@manaretheliopolis.onmicrosoft.com|Yoc69685
live-nameast3.office365.com|587|fgwizdala2@zsogrudziadz.onmicrosoft.com|Karotka000
outlook-namsouth4.office365.com|587|joaocavadas@colegiosf0.onmicrosoft.com|B3chugo2008
outlook-emeaeast.office365.com|587|k.iwanetzki@zspjastrzebie.onmicrosoft.com|Koral123
mail.gasngears.com|2525|sue@gasngears.com|Shopping1
outlook-emeaeast2.office365.com|587|438920027@student.ksu.edu.sa|1046785695
outlook-emeaeast3.office365.com|587|120170303018@st.ahu.edu.jo|Aa234234
live-namsouth.office365.com|587|jperez2920@coah.conalep.edu.mx|C211590343-3
mail.patinadesain.com|587|semi@patinadesain.com|semi2019
smtp.massage-domicile-paris.com|587|christel@massage-domicile-paris.com|cbr900rr
infrabanx.com|587|taxation@infrabanx.com|123456
outlook-namsouth6.office365.com|587|victor_lumanto@std.gloriaschool.org|103010Vcl
smtp.189.cn|587|19979014993@189.cn|123.liuzhi
smtp.189.cn|587|15335170381@189.cn|513886
smtp.189.cn|587|altuntoga@189.cn|778788
smtp.189.cn|587|wangpengliang@189.cn|liang2998
klogisticsgroup.com|587|sales@klogisticsgroup.com|klogisticsgroup2015
priceritesuppliers.co.za|587|everett@priceritesuppliers.co.za|AccessoryPhotoshop917
live-namnorthwest2.office365.com|587|36007060@sempreunifacimed.com.br|19a5etMR
firstcoatprojects.co.za|587|info@firstcoatprojects.co.za|SomehowWatches483
ych.org.za|587|elias@ych.org.za|IncentiveDuration684
webmarketspain.com|587|webmaster@webmarketspain.com|Ordenador2014
mxpacking.com|587|recepcion@mxpacking.com|Mxpacking01
pmgguestlodge.co.za|587|reception@pmgguestlodge.co.za|DepotSeventh892
autoescuelaaula.com|587|ana@autoescuelaaula.com|130882
agapechristianchurch.co.za|587|thabo@agapechristianchurch.co.za|GuiltyDialogue361
techwidesolutions.com|587|admin@techwidesolutions.com|HaitiDameThreats694
pmgguestlodge.co.za|587|bookings@pmgguestlodge.co.za|DrawingsThumbs980
smtp.tjokrohotel.com|587|yogi.saputra@tjokrohotel.com|9MZB73.-YPB1
thundervolt.co.za|587|info@thundervolt.co.za|GreenLightning123
agapechristianchurch.co.za|587|bertha@agapechristianchurch.co.za|RoundsBusiness720
bachorz.pl|587|monitoring@bachorz.pl|kamera1101x
live-namnorthwest4.office365.com|587|zelania.silva@educacao.ba.gov.br|Vidanova2018
outlook-namsouth6.office365.com|587|massimo.bagno@aslvc.piemonte.it|Ratavuloira767
proautoandtowing.co.za|587|info@proautoandtowing.co.za|SavingLoves963
mxpacking.com|587|luise.rodriguez@mxpacking.com|Mxpacking01
agapechristianchurch.co.za|587|lebo@agapechristianchurch.co.za|UpdateDollars977
cornicemidrand.co.za|587|info@cornicemidrand.co.za|ClairePhoto525
cornicejohannesburg.co.za|587|info@cornicejohannesburg.co.za|WebsitesGuitars557
tours-and-safaris.co.za|587|rina@tours-and-safaris.co.za|HousingMain991
skirtingmidrand.co.za|587|info@skirtingmidrand.co.za|PoundLocking550
lagosstatehr.com|587|ashaka.iyabode@lagosstatehr.com|labeebaholamideashaka
pmgguestlodge.co.za|587|ace@pmgguestlodge.co.za|TaskTricksProudly511
smtp.ljmotors.co.za|587|johan@ljmotors.co.za|kwikme8291
smtp.travelhyper.co.za|587|info@travelhyper.co.za|RetrieveQuantum191
live-nameast3.office365.com|587|proveedor.externo@qualys.com.pe|Cambio2020
smtp.dataged.com|587|lucastomaz@dataged.com|dataged
slotjhile.co.za|587|tumi@slotjhile.co.za|ChecksMailto484
doorframesupplier.co.za|587|info@doorframesupplier.co.za|DiscloseFrom883
smtp.paradoxresolution.co.za|587|armin@paradoxresolution.co.za|ComboClearing781
tkgc.co.za|587|ilze@tkgc.co.za|OpposedLogged346
techwidesolutions.com|587|susan@techwidesolutions.com|MacroCartoons972
cornicepretoria.co.za|587|info@cornicepretoria.co.za|ty9uvyqe
jocaro.com|587|kelechi.opara@jocaro.com|kelechiopara2017
mail.estelnet.it|25|flaviodomini@estelnet.it|morena
modelismolara.com|587|info@modelismolara.com|roberto11
smtp.alam-bersemi-sentosa.com|587|career@alam-bersemi-sentosa.com|12345678
mail.solacefarm.com|587|tamarac@solacefarm.com|Backpack.7
hitkarini.com|587|satish.raka@hitkarini.com|satish123
hitmail.cc|2525|jxwu5qni@hitmail.cc|rudwo007
gocreatestudio.com|587|support@gocreatestudio.com|age!4real
naturpronm.com|587|pablo@naturpronm.com|turururu
mail.aussiebb.com.au|587|heatherjackson@aussiebb.com.au|orangecat123
smtp-qa.junao.club|25|q3t4g@junao.club|ep3q7l55w94
smtp.costruzionialternative.it|587|info@costruzionialternative.it|costru12332
intalosa.com|587|rimaldotavarez@intalosa.com|intalosa1234
techminds.com.np|587|tulsipur@techminds.com.np|TechMinds123
mail.matrixracingproducts.com|587|darlene@matrixracingproducts.com|cole0925
ramellapietro.com|587|siragusa@ramellapietro.com|Campagnate14
airplanet.hu|2525|pali70@airplanet.hu|Pali70
mail.shinwa.it|25|monforte@shinwa.it|monforte1234
smtp.monpetitbikini.com|587|boutique@monpetitbikini.com|bikini2017
nobletax.com|587|lolson@nobletax.com|Noble001!
mail.m-profiler.com|587|antonio.duraes@m-profiler.com|Mariaines1
h2k-jio.com|587|portmore.xerox@h2k-jio.com|Abc123
mail.sobha.com|587|sobha.habitech@sobha.com|Habitech2015
hitmail.cc|2525|bell1114@hitmail.cc|miki1114
cja-collections.co.za|587|hetty@cja-collections.co.za|SemesterTenant379
mail.osmarnegrete.com.ar|587|natalia@osmarnegrete.com.ar|27783280
smtp.3thiers.com|587|contact@3thiers.com|Eric63450!
webmail.ice-corrosion.com|587|yasmin@ice-corrosion.com|8IRpajqz
mail.zapateriaszankos.com|587|clientes@zapateriaszankos.com|Clari5nete1
ozde.com|587|alidike@ozde.com|elmanar2
smtp.iafrica.com|587|nishalh@iafrica.com|nishal1
hitmail.cc|2525|twincle@hitmail.cc|vipvip
mx.freenet.de|587|scholz@d-signz.de|Dreams
smtp.mixmail.com|25|673966574@mixmail.com|40910526
mx.freenet.de|587|greener@greener-band.de|eggboiler
smtp.icon.co.za|587|mystique@icon.co.za|654321
smtp.ish.de|587|hgolle@ish.de|Elke!1811
smtp.ish.de|587|rekcub@ish.de|RolF1604
outlook-emeaeast.office365.com|587|laura.narutyte@vdu.lt|Lelia123
smtp.ish.de|587|mroeltgen@ish.de|testen
apartacel.com|587|venta.pasaje@apartacel.com|.4cc3s0.2021.
smtp.citlink.net|587|brendalb@citlink.net|shelby
mail.kendallweb.com|587|ian@kendallweb.com|Babybear516!
smtp.cablelan.net|587|thunderinglightning@cablelan.net|thunder
mail.joelnco.com|587|albert@joelnco.com|joelnco123
mail.joelnco.com|587|pupil@joelnco.com|joelnco123
hmi-benelux.com|587|j.mangon@hmi-benelux.com|julian1980
mx2.torpig-sinkhole.org|587|ovasilo@rettmail.com|rws4stsq
smsmail1.com|587|rhslocklairy48@smsmail1.com|24emma
jimnoida.net|587|amit.patel@jimnoida.net|amitpatel
smtp.prosperitymould.com|587|boris@prosperitymould.com|gamelord
smtp.shmouldtech.com|587|carolyn@shmouldtech.com|198504083
mx.torpig-sinkhole.org|587|abougek@emailmynn.com|3mcdonalds
smtp.eloin.com|587|italo@eloin.com|123456789it
sbtdats.com|587|ramanan.rs@sbtdats.com|9840265521
indylink.org|587|t.j.willh@indylink.org|by7tor
mail.40ymail.com|587|vanessa_estrada@40ymail.com|663755
smtp.szccfl.com|587|szwanxyone@szccfl.com|04130522
smtp.aniec.com|587|sunbaodong@aniec.com|3043945
handbagsonlinebuy.com|587|soloflourgy@handbagsonlinebuy.com|thp5ar89go
mail.who-got-mail.com|587|pwbjackson8738@who-got-mail.com|46a2fbbf45c2b0d3679
mail.imstations.com|587|piramirra-1@imstations.com|tae2xxcybsakc
mail.fatflap.com|587|hkdwtidsagh33@fatflap.com|trafficswarm85
mail.emailinfive.com|587|frounaej@emailinfive.com|103154
hdk.com|587|a-himoro@hdk.com|himoro1972
mx2.torpig-sinkhole.org|587|9pb3k8x1b@l.shoeonlineblog.com|mowokll545
mx1.torpig-sinkhole.org|587|7hiyxokon@b.shoeonlineblog.com|ieivn88e123
mx2.torpig-sinkhole.org|587|9oo0e6g2q@l.shoeonlineblog.com|mowokll54
mail.who-got-mail.com|587|gpvjackson1479@who-got-mail.com|536892123
mail.who-got-mail.com|587|gpsjackson7616@who-got-mail.com|454294123
mail.sfxmailbox.com|587|kristen.winkler29@testforcatchemall.sfxmailbox.com|87c1215f7fbca8b0ca1820d3fbc1
mail.sfxmailbox.com|587|roy-sealey47@jagoo.sfxmailbox.com|e0f7eb4bdff38a68010ead
mx1.torpig-sinkhole.org|587|yunle@mail.goood-mail.com|c24efe5a8fc8fc6c64940
feiji644.com|25|cbaq911072@feiji644.com|07194584
mail.sfxmailbox.com|587|deloris_derose30@greatwalls.sfxmailbox.com|$p$bexlimlds5sfyqvcgtcm8eeto8ggsm/
mail.sfxmailbox.com|587|gus-ybarra@greatwalls.sfxmailbox.com|$p$bmakvv1sakah5ezfef7fpqnpchjzfa0
mail.sfxmailbox.com|587|shiela_blackall89@greatwalls.sfxmailbox.com|$p$bapknv9usw73q9twnhbfx0fhqel0.6.
mail.sfxmailbox.com|587|florine.mclain@juicyorange.sfxmailbox.com|abcabc16
smtp.sofa-china.com|587|cnoexport@sofa-china.com|bosston
smtp.aniec.com|587|xulamei@aniec.com|xlmxlm1221
iris.bcsmidwest.com|587|jcesarz@lakeviewequity.com|amypetullo1!
tlxcm.com|25|q1w6y8i9307@tlxcm.com|eklkd4971
mail.3shy.net|25|733300@3shy.net|fhz7305oe3
mail.israelar.com|25|fllt1811@israelar.com|lc0184gm8o
tlxcz.com|25|x2s6r5d5287@tlxcz.com|tljgd6079
mail.tokyoar.com|25|jthf4164@tokyoar.com|o711t9ezk3
mail.gamblear.com|25|hpww6389@gamblear.com|1vwn348ow5
shehui555.com|25|pwip360948@shehui555.com|72061024
mail.madridar.com|25|gpvn2722@madridar.com|7j646uji7m
mail.chilear.com|25|hmqx8356@chilear.com|kb942u3en7
mail.cpaar.com|25|khrj0287@cpaar.com|w87bh22ew5
mail.mexicoar.com|25|jzpy4178@mexicoar.com|07sj18ox1t
smtp.brilliantbc.com|587|patrick@brilliantbc.com|61236678
mail.loderun.com|587|lodemorekc@loderun.com|vyalz4l352!
mail.mail-from-dot.com|587|vestavanhook@mail-from-dot.com|fhgslmt7
mail.loderun.com|587|sdretg@loderun.com|zrxiht6871
mail.wowauctionguide.com|587|inciongjbl@wowauctionguide.com|xtseo2011tdx1
mail.cpaar.com|25|jyhl5132@cpaar.com|jb054n35ex
naudau.com|587|soowliply@naudau.com|ahsjdnvcuiasdj
smtp.iktoy.com|587|xiaojun@iktoy.com|015306a
smtp.powdersuper.com|587|jackwang@powdersuper.com|aiyue901
smtp.tv189.com|587|zhuqinghui@tv189.com|zhuqinghui01
smtp.gsta.com|587|liaoxh@gsta.com|740314ab
smtp.sangrui.com|587|yuanc@sangrui.com|loveweiwei
smtp.powdersuper.com|587|sales4@powdersuper.com|126com
mx.freenet.de|587|panamatiger@freenet.de|luzieklein
mx.freenet.de|587|hausfreund2@freenet.de|Zephyr61
mx.freenet.de|587|norbert.lange6@freenet.de|cubasaleth14
mx.freenet.de|587|nadine_bruehl@freenet.de|Anita1957
mx.freenet.de|587|eric_dase@freenet.de|Canadier69
mx.freenet.de|587|mgonza@freenet.de|gonzo400500
mx.freenet.de|587|misi1995@freenet.de|micha1995
mx.freenet.de|587|terry606@freenet.de|terry7789
mx.freenet.de|587|macmusic11@freenet.de|mguzzi
mx.freenet.de|587|2-radbach@freenet.de|ZLA295
mx.freenet.de|587|max.lippert1@freenet.de|Max270302
mx.freenet.de|587|kuller_erbse@freenet.de|kullererbse1
mx.freenet.de|587|of-wild-genesis@freenet.de|kaktus
smtp.unitybox.de|587|wirzwei2011@unitybox.de|verena83
mx.freenet.de|587|rosen-apo.team@freenet.de|apotheke
mx.freenet.de|587|patrick.hessler77@freenet.de|Giftig77
mx.freenet.de|587|menne1@freenet.de|menne1
mx.freenet.de|587|omma1869@freenet.de|neuling
mx.freenet.de|587|sickness666@freenet.de|sabren666
mx.freenet.de|587|u.allary@freenet.de|Pegasus10!
mx.freenet.de|587|tomtom59@freenet.de|A111111
mx.freenet.de|587|erwachsen@freenet.de|Nbpk9shf
mx.freenet.de|587|schulz-martin@freenet.de|mrs24031966
mx.freenet.de|587|merlin.hw@freenet.de|merlin0205
mx.freenet.de|587|josystockmann@freenet.de|josy1991
mx.freenet.de|587|kuehrigben94@freenet.de|benjamin94
mx.freenet.de|587|mephisto6969@freenet.de|fr33n3t
mx.freenet.de|587|wullabing@freenet.de|s33st3rn
mx.freenet.de|587|gero-lemke@freenet.de|Gero7029
mx.freenet.de|587|ossi1975@freenet.de|0ligarch
mx.freenet.de|587|creepey@freenet.de|aaron0903
mx.freenet.de|587|zenoamann2@freenet.de|Impergator
mx.freenet.de|587|antoni.przybyla@freenet.de|Toni2609
mx.freenet.de|587|t4trox@freenet.de|tigrex12
mx.freenet.de|587|felix11117777@freenet.de|sscchhuullee
mx.freenet.de|587|hankeplay@freenet.de|Hanke110
mx.freenet.de|587|fritzloch@freenet.de|blauerpinguin
mx.freenet.de|587|marco19730@freenet.de|asdfghjkl789
mx.freenet.de|587|alatid-heuer@freenet.de|leon1997
mx.freenet.de|587|sasuke1222@freenet.de|sasuke122
mx.freenet.de|587|gromek1@freenet.de|01731331180
mx.freenet.de|587|iltiszorro@freenet.de|badesalz1A.
smtp.osnanet.de|587|alexey.zimens@osnanet.de|alexis
mx.freenet.de|587|mexcarsten84@freenet.de|carsten84
mx.freenet.de|587|jio@freenet.de|8112354s.
mx.freenet.de|587|nnolze@freenet.de|nono1959
mx.freenet.de|587|mark.brandt@freenet.de|Mark1985
mx.freenet.de|587|fariz1@freenet.de|Fariz1988
mx.freenet.de|587|fabinick08@freenet.de|samafino2020
mx.freenet.de|587|fknpl@freenet.de|Neuperlach
mx.freenet.de|587|peter_w3@freenet.de|service
mx.freenet.de|587|ralf.schurat@freenet.de|butschi61
mx.freenet.de|587|preiss-kevin@freenet.de|fatboy
smtp.unitybox.de|587|alex2105@unitybox.de|KoPvG73i
mx.freenet.de|587|janik.willner@freenet.de|773948100aA
mx.freenet.de|587|yggdrasyl@freenet.de|8gh16yv0P
mx.freenet.de|587|pboiteux@freenet.de|fbx17456
mx.freenet.de|587|geli2011@freenet.de|angelika61
emig.freenet.de|587|schatzi1@fn.de|Gothic45-
mx.freenet.de|587|markuswilke1@freenet.de|markus1986
mx.freenet.de|587|marco-kokert@freenet.de|marco1982
mx.freenet.de|587|engelshelfer22@freenet.de|Daniel1985!
mx.freenet.de|587|manueleckert@freenet.de|Eckert88!
iranekarafarin.com|587|admin@iranekarafarin.com|H8coXAmp-4FQ
smtp.oppo-aed.vn|25|hongchuong.luu@oppo-aed.vn|Chuong@2301
mx.freenet.de|587|info@immo-m24.de|123456
mail.zeop.re|587|philippelauret@zeop.re|F48qkzhJyf
live-namsouth.office365.com|587|mmedjekdoud142@irfaouest.eu|Silyan@2020
smtp.csccomplexcenter.la|587|daraya-secretary.mdpm@csccomplexcenter.la|csc@1234
smtp.aprym.com|587|coachdelacroix@aprym.com|Delacroix7@
screen4adv.com|587|m.saeed@screen4adv.com|screen159357
kioscomatico.com|587|alheli.leon@kioscomatico.com|Kiosco2021$$
mail.hopluc.vn|587|support@hopluc.vn|77Nguyentu//
redmonkey.host|587|tricepspacket@redmonkey.host|tlRuCA+L}gE]
smtp-qa.junao.club|25|5hjcvz8s1@junao.club|7fgg1v
pontadapiedadebooking.com|587|bookings@pontadapiedadebooking.com|pontadapiedade2019
smtp.waycon.com|587|mouadh.khelifi@waycon.com|PZs33v7Fi
emig.freenet.de|587|dschmidt1985@fn.de|Schmidt1985..
smtp.osnanet.de|587|bk355@osnanet.de|thimar
smtp.osnanet.de|587|d.a.stolzenburg@osnanet.de|Stolzenburg4
mail.mnet-online.de|587|ra-ewald@mnet-online.de|lukretzchen
emig.freenet.de|587|mike84@freenetmail.de|mike1984
smtp.aueb.gr|587|ntelipan@aueb.gr|tzoytzoykatzoytzoyka0360
mail.zeop.re|587|brunokloc@zeop.re|Titanbabo21
konin.lm.pl|587|olejnik@konin.lm.pl|agarob
mrukseo.pl|587|m_mrugalski@mrukseo.pl|1985Boni@
mail.zeop.re|587|teddyhonorine@zeop.re|J8wchYWCP!
smtp.telepolis.com|25|didacx@telepolis.com|skirimoki
mail.013.net.il|25|victora59@013.net.il|102030
smtp.1337.no|587|ninja123456@1337.no|ninja123456
smtp.nsuniv.ac.in|587|placement@nsuniv.ac.in|Welcome@1234#
carestarz.com|587|enquiry@carestarz.com|carestar123!@#
konin.lm.pl|587|atrix@konin.lm.pl|zima71
smtp.quadro.net|587|jtimmer@quadro.net|Jaacee1989
popularrobotics.com|587|yunus@popularrobotics.com|@#$%babawo
smtp.inter.net.il|25|aele14@inter.net.il|ytd3mi
smtp.elitonfernando.com.br|587|contato@elitonfernando.com.br|eliton2015
smtp.aueb.gr|587|papadakis@aueb.gr|nazgul781123@
mail.iexchange.co.za|587|lwebber@iexchange.co.za|lanew278123#
smtp.aueb.gr|587|ntelipan@aueb.gr|tzoytzoyka111!1
smtp.pcug.org.au|587|jgunn@pcug.org.au|jgunn4441230@
smtp.lepro.co.za|587|printer@lepro.co.za|Secure246!1
mail.keszthelynet.hu|2525|p.marton@keszthelynet.hu|MpcrIueuq1
mail.fonyodnet.hu|587|vegh.mariann@fonyodnet.hu|Anya73062222224$
smtp.picture.com.br|587|lairson.terramar@picture.com.br|TERRAMAR124+
smtp.hosptech.com.br|587|engenharia@hosptech.com.br|Hsp75369~
live-nameast4.office365.com|587|23687@epralima.pt|252987225
newcominvestments.com|587|marketing@newcominvestments.com|vFwV0EwRvu0P
mail.emoneyar.com|25|gadn2865@emoneyar.com|84h1s4kt9s
mail.genomear.com|25|egrw7416@genomear.com|7n498cf2sl
w7654.com|25|t187in@w7654.com|f21u2m
ms7.ncv.ne.jp|587|irynag@ms7.ncv.ne.jp|nagnag12345
mail.zeop.re|587|brunokloc@zeop.re|Titanbabo!-20123
smtp.aueb.gr|587|ntelipan@aueb.gr|tzoytzoykatzoytzoyka1471qwe
ms5.ncv.ne.jp|587|h-ebiko2@ms5.ncv.ne.jp|miyu0806
live-nameast4.office365.com|587|soma.ale@vgos.org|vib@321$
smtp.iafrica.com|587|tracia@iafrica.com|George66
constructoradacar.com|25|contacto@constructoradacar.com|dacar2018
smtp.akeonet.com|587|houbert.stephanie@akeonet.com|160793
futurelandsurveys.com|587|fmls1@futurelandsurveys.com|$Future123!
mail.chilear.com|25|ifaf3420@chilear.com|fwq708bm42
mail.eeet8fx.com|25|s85xuixnc3@eeet8fx.com|jsumf1
mail.eeet8fx.com|25|7ggy7y57c4@eeet8fx.com|t4yli7
webtostart.com|25|webmaster@webtostart.com|Ahm@d#81
mail.tokyoar.com|25|kpkk4181@tokyoar.com|10ufh90u3y
233bdd.com|25|qqpo5780@233bdd.com|x1981xe1jy
webmail.e.email|587|med.salah@e.email|tamanart1965
mail.cardsar.com|25|khfp3019@cardsar.com|9l0v9sn29b
cscm.eu|587|natalia.grochowska@cscm.eu|superwoman
keypos.ca|587|s.nessim@keypos.ca|Sam170846@
hbcfrankfort.org|587|pastor@hbcfrankfort.org|hbcmej92
mail.1hear.top|25|819705@1hear.top|r896jkx82h
pnn.com.my|587|wilsonteo@pnn.com.my|wilson
mail.ath.hcmr.gr|25|nzaro@ath.hcmr.gr|@Nikos1
peps.net.au|587|ellisha@peps.net.au|Thoma$07
webmail.narit.or.th|587|chaiyaphorn@narit.or.th|Tongnaja@1625
bdg.idl.pl|587|no-reply@bdg.idl.pl|Ciasteczko4
tlxxj.cn|25|swty012010@tlxxj.cn|839Z87NEjO
webmail.e.email|587|jana.vasileva86@e.email|kari.2018godina
collibooks.com|587|suporteti@collibooks.com|JfQMK53yftkCyEw
smtp.triwings.pro|587|yvona@triwings.pro|paris*75*
mail.kdota.com|25|qcqlmq@kdota.com|t8r2j8
smtp.marinhoribeiro.adv.br|587|wiltonleonardo@marinhoribeiro.adv.br|advogado
ggamepoint.pl|587|wvpvvay@ggamepoint.pl|gcj>dA!1Za
smtp.189.cn|25|15681649907@189.cn|72129Guo*
smtp.jepic-bj.org|25|yurugi@jepic-bj.org|mkyurugiYq1
smtp.picture.com.br|587|lairson.terramar@picture.com.br|TERRAMAR1236
smtp.aueb.gr|587|ntelipan@aueb.gr|tzoytzoyka202122
smtp.pcug.org.au|587|jgunn@pcug.org.au|jgunn444315125!
smtp.pcug.org.au|587|jgunn@pcug.org.au|jgunn4442jgunn4442123
live-nameast2.office365.com|587|hipbouvie@jabbayeux.com|iu6606
smtp.hemi.eng.br|587|nylson@hemi.eng.br|Branca83
mail.orentech.com.vn|587|accountant@orentech.com.vn|vn30072013
aceinspiration.com|587|info@aceinspiration.com|testing!@#123
smtp.alhoplanalto.com.br|587|david@alhoplanalto.com.br|dvd761989
smtp.mx4.canvas.ne.jp|587|th1005startline@mx4.canvas.ne.jp|tk941001
powertally.co.tz|587|solutions@powertally.co.tz|Solutions@123
mail.israelar.com|25|jzru7454@israelar.com|32o6z2ndw4
mail.cardsar.com|25|lizh5929@cardsar.com|5dw631uij7
mail.cardsar.com|25|kgpd6263@cardsar.com|jyl7b84e76
mail.marvel.com.sa|587|notify@marvel.com.sa|848681hf_?
mail.komelek.vn|587|thuyvo@komelek.vn|komelek@123
smtp.iafrica.com|587|thulisile@iafrica.com|jabulani
mail.77awful.top|25|006359@77awful.top|2tdu75o2q9
mail.idahoar.com|25|jtib1457@idahoar.com|p9n7mc3g04
mail.1baby.top|25|281591@1baby.top|f1k16ic84d
mail.arizonaar.com|25|lkhx4446@arizonaar.com|0x3kh28v8n
smtp.jepic-bj.org|25|yurugi@jepic-bj.org|mkyurugiii$
smtp.idnet.com|587|marcranford@idnet.com|jesscat
almehwar.ly|587|reda@almehwar.ly|Re0925044180
noroncar.ir|587|info@noroncar.ir|CnlDKsQem-Q2
mail.nas.sy|25|m.ghannoum@nas.sy|0949141679admin@@
mail.vw-crestadelvalle.com.mx|2525|ventas12@vw-crestadelvalle.com.mx|Vendedor12
smtp.osnanet.de|587|GUENTER.LEUFTINK@osnanet.de|guenter
smtps-1.ewe.net|587|Petra.zimmermann6@ewe.net|petra173
smtp.west-telecom.com|587|LEGRANDCO@west-telecom.com|pimpom
triplea-travel.com|587|resa@triplea-travel.com|M@g?$}T9@i=V
smtps-1.ewe.net|587|MARIE.STEINMETZ@ewe.net|ewemarie
smtp.silkolor.fr|587|Silkolor@silkolor.fr|silkolor
smtp.west-telecom.com|587|HARTNICOLAS@west-telecom.com|topaze57
webmail.mahidol.ac.th|587|jittree.boo@mahidol.ac.th|myboyfriend
smtp.osnanet.de|587|ROBIN.SANDMANN@osnanet.de|rabbit
smtp.ozone.net|587|Fe.elyna@ozone.net|Elyna2004
smtp.ozone.net|587|BOSQUET.LAURENT@ozone.net|Andreaeva27
mail.israelar.com|25|fyfj0023@israelar.com|t26r9l7k9p
mail.gamblear.com|25|fkbq0471@gamblear.com|8rmb3q08y9
mail.idahoar.com|25|jxnw0571@idahoar.com|noo140g74b
smtp.davidbowie.com|587|Mcbowiewulf@davidbowie.com|london
mail.1base.top|25|750029@1base.top|wdr02k125m
tlxxj.cn|25|stmf000960@tlxxj.cn|Yo0966MwI7
mail.cpaar.com|25|jxch4448@cpaar.com|jac51g9j78
smtp.realizetur.com.br|587|contatojp@realizetur.com.br|Jp367452
mail.abcmeridian.top|25|428362@abcmeridian.top|sx8c0z706w
mail.cpaar.com|25|ijio4012@cpaar.com|7ay36y9bd8
my.bshg.com.tr|587|cky00063693@my.bshg.com.tr|mus070809mus
globalconvergencesolutions.com|587|tableau@globalconvergencesolutions.com|*Convergence#2020
mail.bayabc.top|25|358230@bayabc.top|763jui2qh8
mail.abcmaximum.top|25|358265@abcmaximum.top|06mr2f5g6f
mail.1bean.top|25|141029@1bean.top|19o5fp99ad
mail.1able.top|25|071827@1able.top|505tbpf86v
escoladelibras.com|587|professor11@escoladelibras.com|Unintese100%
escoladelibras.com|587|professor6@escoladelibras.com|Unintese100%
mail.77bath.top|25|811671@77bath.top|ju474n3dj7
smtp.jcm3.com.br|587|cwkalil@jcm3.com.br|12345678
mail.1369.vn|587|e.bill@1369.vn|cpxd1369@123
mail.77kick.top|25|540453@77kick.top|9l4y2zy1o3
webmail.e.email|587|fba-ecomagency@e.email|Sanlucido1
webmail.e.email|587|jeffreykroonenberg@e.email|Zusje2210
smtp.uralweb.ru|25|belyanin@uralweb.ru|140402
mail.1hear.top|25|092354@1hear.top|6c1sspr515
smtp.lds.net.ua|587|myrka@lds.net.ua|rbw390xw
t.pl|587|betibeata26@t.pl|SZEWCZYK1234567890
smtp.uralweb.ru|25|simona@uralweb.ru|Svetik777
smtp.waika9.com|587|h.senga@waika9.com|moritani
mbox.iij4u.or.jp|587|irie@ss.iij4u.or.jp|54012313
mbox.iij4u.or.jp|587|ooki@pp.iij4u.or.jp|goforit0
smtp.mageos.com|587|der2000@mageos.com|cessna2000
smtp.mageos.com|587|michelle.rousseau@mageos.com|chatcalin
smtp.9business.fr|587|benabdelkader@9business.fr|soleil013
smtp.akeonet.com|587|leroy.michel@akeonet.com|marmotte
smtp.canl.nc|587|facom@canl.nc|chienbleu
smtp.sotolab.co.jp|587|kumada@sotolab.co.jp|tent0159
mail.alfeemania.com|587|nao-70519-nao@alfeemania.com|hanihani
baskijski.net|587|ks@baskijski.net|Krzysierek123579
student.cankaya.edu.tr|587|c1219301@student.cankaya.edu.tr|Yns236236yns.
smtp-qa.taasingemail.dk|587|cal@taasingemail.dk|Cali2117!!
mail.granadillamedia.com|587|clarisse@granadillamedia.com|UJFQeLBQo
live-namnorthwest3.office365.com|587|mtamerabd1@manaretheliopolis.onmicrosoft.com|Yoc69685
live-namnorthwest3.office365.com|587|fgwizdala2@zsogrudziadz.onmicrosoft.com|Karotka000
outlook-emeaeast.office365.com|587|joaocavadas@colegiosf0.onmicrosoft.com|B3chugo2008
mail.gasngears.com|2525|sue@gasngears.com|Shopping1
outlook-namsouth6.office365.com|587|438920027@student.ksu.edu.sa|1046785695
live-nameast.office365.com|587|120170303018@st.ahu.edu.jo|Aa234234
relay0.mirasystem.net|25|frag@koltsovo.net|300490
mail.patinadesain.com|587|semi@patinadesain.com|semi2019
smtp.massage-domicile-paris.com|587|christel@massage-domicile-paris.com|cbr900rr
infrabanx.com|587|taxation@infrabanx.com|123456
live-nameast4.office365.com|587|victor_lumanto@std.gloriaschool.org|103010Vcl
smtp.189.cn|25|19979014993@189.cn|123.liuzhi
smtp.189.cn|25|15335170381@189.cn|513886
smtp.189.cn|25|wangpengliang@189.cn|liang2998
smtp.189.cn|25|altuntoga@189.cn|778788
klogisticsgroup.com|587|sales@klogisticsgroup.com|klogisticsgroup2015
priceritesuppliers.co.za|587|everett@priceritesuppliers.co.za|AccessoryPhotoshop917
firstcoatprojects.co.za|587|info@firstcoatprojects.co.za|SomehowWatches483
ych.org.za|587|elias@ych.org.za|IncentiveDuration684
webmarketspain.com|587|webmaster@webmarketspain.com|Ordenador2014
boxofficesa.com|587|kctravels@boxofficesa.com|ChamberNathan332
mxpacking.com|587|recepcion@mxpacking.com|Mxpacking01
priceritesuppliers.co.za|587|dispatch@priceritesuppliers.co.za|MarbleBikeGiving846
pmgguestlodge.co.za|587|reception@pmgguestlodge.co.za|DepotSeventh892
autoescuelaaula.com|587|ana@autoescuelaaula.com|130882
agapechristianchurch.co.za|587|thabo@agapechristianchurch.co.za|GuiltyDialogue361
techwidesolutions.com|587|admin@techwidesolutions.com|HaitiDameThreats694
smtp.travelhyper.co.za|587|fathima@travelhyper.co.za|QuizExpandMachine277
pmgguestlodge.co.za|587|bookings@pmgguestlodge.co.za|DrawingsThumbs980
smtp.tjokrohotel.com|587|yogi.saputra@tjokrohotel.com|9MZB73.-YPB1
thundervolt.co.za|587|info@thundervolt.co.za|GreenLightning123
agapechristianchurch.co.za|587|bertha@agapechristianchurch.co.za|RoundsBusiness720
ecpa.co.za|587|prashantar@ecpa.co.za|7u3etaju
bachorz.pl|587|monitoring@bachorz.pl|kamera1101x
proautoandtowing.co.za|587|info@proautoandtowing.co.za|SavingLoves963
mxpacking.com|587|luise.rodriguez@mxpacking.com|Mxpacking01
agapechristianchurch.co.za|587|lebo@agapechristianchurch.co.za|UpdateDollars977
cornicejohannesburg.co.za|587|info@cornicejohannesburg.co.za|WebsitesGuitars557
cornicemidrand.co.za|587|info@cornicemidrand.co.za|ClairePhoto525
tours-and-safaris.co.za|587|rina@tours-and-safaris.co.za|HousingMain991
skirtingmidrand.co.za|587|info@skirtingmidrand.co.za|PoundLocking550
lagosstatehr.com|587|ashaka.iyabode@lagosstatehr.com|labeebaholamideashaka
pmgguestlodge.co.za|587|ace@pmgguestlodge.co.za|TaskTricksProudly511
smtp.greykuala.co.za|587|accounts@greykuala.co.za|GreyKuala5678
smtp.travelhyper.co.za|587|info@travelhyper.co.za|RetrieveQuantum191
smtp.ljmotors.co.za|587|johan@ljmotors.co.za|kwikme8291
smtp.paradoxresolution.co.za|587|len@paradoxresolution.co.za|BigOrange653
slotjhile.co.za|587|tumi@slotjhile.co.za|ChecksMailto484
doorframesupplier.co.za|587|info@doorframesupplier.co.za|DiscloseFrom883
smtp.paradoxresolution.co.za|587|armin@paradoxresolution.co.za|ComboClearing781
techwidesolutions.com|587|susan@techwidesolutions.com|MacroCartoons972
tkgc.co.za|587|ilze@tkgc.co.za|OpposedLogged346
twoships.co.za|587|kobus@twoships.co.za|GermanFireplace223
mail.octanorm.de|2525|guest@octanorm.de|wildcard
cornicepretoria.co.za|587|info@cornicepretoria.co.za|ty9uvyqe
jocaro.com|587|kelechi.opara@jocaro.com|kelechiopara2017
modelismolara.com|587|info@modelismolara.com|roberto11
mail.estelnet.it|25|flaviodomini@estelnet.it|morena
smtp.alam-bersemi-sentosa.com|587|career@alam-bersemi-sentosa.com|12345678
mail.solacefarm.com|587|tamarac@solacefarm.com|Backpack.7
hitkarini.com|587|satish.raka@hitkarini.com|satish123
smtp.travelhyper.co.za|587|eb@travelhyper.co.za|AndyCarefully848
hitmail.cc|2525|jxwu5qni@hitmail.cc|rudwo007
gocreatestudio.com|587|support@gocreatestudio.com|age!4real
naturpronm.com|587|pablo@naturpronm.com|turururu
mail.aussiebb.com.au|587|heatherjackson@aussiebb.com.au|orangecat123
smtp-qa.junao.club|25|q3t4g@junao.club|ep3q7l55w94
smtp.costruzionialternative.it|587|info@costruzionialternative.it|costru12332
mail.pcprojectsrl.it|587|info@pcprojectsrl.it|Dufur2015
intalosa.com|587|rimaldotavarez@intalosa.com|intalosa1234
techminds.com.np|587|tulsipur@techminds.com.np|TechMinds123
mail.hangan.org|587|1020617424@hangan.org|a91059
kuilsriverprimary.co.za|587|cvanheerden@kuilsriverprimary.co.za|LinesJeremy546
ramellapietro.com|587|siragusa@ramellapietro.com|Campagnate14
airplanet.hu|2525|pali70@airplanet.hu|Pali70
mail.shinwa.it|25|monforte@shinwa.it|monforte1234
smtp.monpetitbikini.com|587|boutique@monpetitbikini.com|bikini2017
nobletax.com|587|lolson@nobletax.com|Noble001!
mail.m-profiler.com|587|antonio.duraes@m-profiler.com|Mariaines1
h2k-jio.com|587|portmore.xerox@h2k-jio.com|Abc123
komuzo.com|587|mariam@komuzo.com|mariam1234
hitmail.cc|2525|bell1114@hitmail.cc|miki1114
mail.sobha.com|587|sobha.habitech@sobha.com|Habitech2015
mail.osmarnegrete.com.ar|587|natalia@osmarnegrete.com.ar|27783280
cja-collections.co.za|587|hetty@cja-collections.co.za|SemesterTenant379
smtp.3thiers.com|587|contact@3thiers.com|Eric63450!
ozde.com.tr|587|alidike@ozde.com.tr|Elmanar2..
webmail.ice-corrosion.com|587|yasmin@ice-corrosion.com|8IRpajqz
mail.zapateriaszankos.com|587|clientes@zapateriaszankos.com|Clari5nete1
mail.danks.org|587|maiaword@danks.org|MaiaWord
smtp.mixmail.com|25|673966574@mixmail.com|40910526
mx.freenet.de|587|scholz@d-signz.de|Dreams
aturservicenow.com|587|info@aturservicenow.com|MainlyWildProgress962
hitmail.cc|2525|twincle@hitmail.cc|vipvip
ozde.com|587|alidike@ozde.com|elmanar2
smtp.iafrica.com|587|nishalh@iafrica.com|nishal1
mx.freenet.de|587|greener@greener-band.de|eggboiler
mail.coop-oliva.com.ar|587|dieherrgott@coop-oliva.com.ar|74191116
cja-collections.co.za|587|info@cja-collections.co.za|CorpusFormats883
smtp.ish.de|587|hgolle@ish.de|Elke!1811
smtp.ish.de|587|rekcub@ish.de|RolF1604
smtp.icon.co.za|587|mystique@icon.co.za|654321
smtp.ish.de|587|mroeltgen@ish.de|testen
usvna.com|587|suresh@usvna.com|Welcome123
apartacel.com|587|venta.pasaje@apartacel.com|.4cc3s0.2021.
mail.kendallweb.com|587|ian@kendallweb.com|Babybear516!
smtp.cablelan.net|587|thunderinglightning@cablelan.net|thunder
smtp.dbeachresort.com|587|animacao@dbeachresort.com|animacao123
mail.joelnco.com|587|albert@joelnco.com|joelnco123
mail.joelnco.com|587|pupil@joelnco.com|joelnco123
mail.joelnco.com|587|siangwei@joelnco.com|joelnco123
mail.colosiopresse.it|587|maga@colosiopresse.it|colosio
smtp.189.cn|25|18984256022@189.cn|tsf19750219
smtp.189.cn|25|18005717718@189.cn|eric163827
siscomp.com|587|pagos@siscomp.com|12153822
smtp.monpetitbikini.com|587|communication@monpetitbikini.com|bikini2017
smtp.ackwork.com|587|fredrika@ackwork.com|ackwork2018
laikipia.go.ke|587|frank.muhoro@laikipia.go.ke|laikipia2020
smtp-qa.junao.club|25|b9f6e@junao.club|4odzd7jl
onecare-uk.com|587|kanika.isher@onecare-uk.com|Kionekr1
smtp.dtechcameras.com.br|587|contato@dtechcameras.com.br|Deci@1608
smtp.arebyte.com|587|hello@arebyte.com|1011Gales
smtp.lastech.com.br|587|suporte@lastech.com.br|i9pdv2017
smtp.studyadvisor.fr|587|adrien.fourrier@studyadvisor.fr|vU4cBR37
mailpool.ml|587|jihatkiremit@mailpool.ml|m123456
smtp.csccomplexcenter.la|587|accounting.hq@csccomplexcenter.la|csc@1234
smtp.sabrisia.com.br|587|contato@sabrisia.com.br|S@brisi@500
smtp.planetinternetprovedor.com.br|587|reubennobre@planetinternetprovedor.com.br|deus674598
smtp.ewamichalik.com|587|produkcja@ewamichalik.com|q7P2FwqA&C3c
mail.cruisesar.com|25|lisd1791@cruisesar.com|hwb7ik8838
smtp.emaile.cz|587|pruchnicky@emaile.cz|Roman204
my.bshg.com.tr|587|cky00066174@my.bshg.com.tr|mb7684178
smtp.picture.com.br|587|lairson.terramar@picture.com.br|TERRAMAR1234
mail.77basic.top|25|482768@77basic.top|c4z1r8d6a8
mail.franconnect.com|587|careers@franconnect.com|franconnect123@
nextechsoft.com|587|info@nextechsoft.com|odairo1974#
smtp.pcug.org.au|587|jgunn@pcug.org.au|jgunn444315125
smtp.jepic-bj.org|25|yurugi@jepic-bj.org|mkyurugiii!02
mail.ai.ayu.ne.jp|587|aochan-33@ai.ayu.ne.jp|js7srfs4
gogreenbooking.com|2525|services@gogreenbooking.com|Zvh9J1P4
shaabini.com|587|mohamed.elsherif@shaabini.com|Mm87654321
tlxpg.com|25|o6d5f0g2983@tlxpg.com|qrusk3123
server.ltl-chines.com|587|rosie@ltl-online-school.com|SGTWFlexi2022
mail.finlandar.com|25|jwzj2796@finlandar.com|5j0fs56s5g
mail.israelar.com|25|yheu9376@israelar.com|xe099s92jf
mail.cruisesar.com|25|gryi7776@cruisesar.com|s6j456en5m
mail.spainar.com|25|hnqw8186@spainar.com|8xgc331w7p
mail.whoisar.com|25|ijhu9117@whoisar.com|xk1vj1502h
slzsistemas.com.br|587|atendimento@slzsistemas.com.br|VYcanismajoris1#
mail.winesar.com|25|ijcc2944@winesar.com|e99mi2pv91
mail.adexevents.dz|587|charafeddine.khamoudj@adexevents.dz|TestPW@2022
smtp-qa.junyouxi.cc|25|mf54744395@junyouxi.cc|2155979085
mail.77beef.top|25|623759@77beef.top|91bf95zf3x
mail.77audit.top|25|615618@77audit.top|7pqpt495q9
mail.mailboc.com|25|bdfl1075@mailboc.com|uhq3992bx9
mail.77bear.top|25|716854@77bear.top|22a190dldj
capgeminienergy.com|587|ahemmel1@capgeminienergy.com|rsljjbj80umg
smtp.cqts.com|587|tonyzhang@cqts.com|108627
mail.bikai.com|25|gongyun@bikai.com|1986115te
smtp.granddragonnet.com|587|becky-chan@granddragonnet.com|3667600
smtp.dynapac-suzhou.com|587|yangy@dynapac-suzhou.com|nustm7om
smtp.cv-sinar.com|587|huanghaizhu@cv-sinar.com|84966034hhz
mail.examplel.com|587|nurullahi309@examplel.com|azat2121
smtp.fitom.com|587|sz-08@fitom.com|jimlee0799
mail.wowauctionguide.com|587|williamisujj@wowauctionguide.com|a54b61329384e768b9
mail.4warding.net|587|rdizebasta-1@4warding.net|6tvusoc
mail.mail-from-dot.com|587|velmarandel@mail-from-dot.com|qhwjof1n
mail.kfedisbroke.com|587|i6otav91lt@kfedisbroke.com|indica
smtp.sinofluoro.com|587|ivy.zhang@sinofluoro.com|zcq19890715
hmi-benelux.com|587|gbeeckmans@hmi-benelux.com|droike29
mail.mail-from-dot.com|587|ofeliaroland@mail-from-dot.com|xzh2lh3h
mx2.torpig-sinkhole.org|587|amaduzaki@rettmail.com|hxzw78g61
mail.mail-from-dot.com|587|oteliacarleton@mail-from-dot.com|5ogruxsm
mail.mail-from-dot.com|587|marikorochester@mail-from-dot.com|5e6kiwei
mail.4warding.net|587|gottalexii-2@4warding.net|f5hi7iojsxajm
smtp.gsta.com|587|zhouw@gsta.com|85210511
mx.discard.email|587|zovucijalagi@1mail.x24hr.com|zovucijalagi
mail.oviknet.com|587|mikael.hagglund@oviknet.com|miha6510
sbtdats.com|587|delhi.itsupport@sbtdats.com|jamessonu
mx1.torpig-sinkhole.org|587|6zrncx5f7@k.shoeonlineblog.com|bwofbkl645
mx.discard.email|587|brigitte.hermiston7@1mail.x24hr.com|brigitte.hermiston7
mmarelli-se.com|587|flaviano.garberoglio@mmarelli-se.com|piddurules
mx.discard.email|587|dariana75@mowgli.jungleheart.com|dariana75
mail.mail-from-dot.com|587|dottyroache@mail-from-dot.com|uvlx4fcw
mx.discard.email|587|ella_stiedemann@eu.dns-cloud.net|ella_stiedemann
advertfast.com|587|lechilka@advertfast.com|85874179057742160021
mxb.mailgun.org|2525|contact@ya-hsin.com|88104204
mail.oviknet.com|587|charina@oviknet.com|w6v3b9
mx2.torpig-sinkhole.org|587|inesasi@rettmail.com|k4qhwkbj
mail.forgetably.com|587|xh7lnq47b2@forgetably.com|212web
mx2.torpig-sinkhole.org|587|ebifbefe@rettmail.com|wfugfidi
mail.rmqkr.com|587|f1113795@rmqkr.com|player791
smtp.gsta.com|587|yaows@gsta.com|hjyws6972
mx1.torpig-sinkhole.org|587|5iww6o1w7@k.shoeonlineblog.com|bwofbkl64!
mail.4warding.net|587|hidasarro-1@4warding.net|c32n7zopuyhzw
mx.discard.email|587|herminia1@mowgli.jungleheart.com|herminia1
mx.discard.email|587|citicegociyi@mowgli.jungleheart.com|citicegociyi
smsmail1.com|587|rlhlocklairt48@smsmail1.com|emmalee24
mail.oviknet.com|587|pontus@oviknet.com|lallekalle
mx.discard.email|587|ceyijijirisi@mowgli.jungleheart.com|ceyijijirisi
mx.discard.email|587|genesis_shanahan49@eu.dns-cloud.net|genesis_shanahan49
lntemsys.com|587|deepak.gopalakrishnan@lntemsys.com|ammikutty
mx2.torpig-sinkhole.org|587|7ia7k026@h.shoeonlineblog.com|woemkkd67!
mx.discard.email|587|assunta_morar@asia.dnsabr.com|assunta_morar
mx.torpig-sinkhole.org|587|91pkpk31@c.shoeonlineblog.com|jinvkal89!
mail.oviknet.com|587|matte@oviknet.com|spraxx
smtp.gsta.com|587|dghstw@gsta.com|dwsrweedf
mx.discard.email|587|mustafa90@asia.dnsabr.com|mustafa90
handbagsonlinebuy.com|587|eseclicevalp@handbagsonlinebuy.com|5sjisni55d1
mx.torpig-sinkhole.org|587|bg49iyevn4@c.shoeonlineblog.com|jinvkal8910
vriti-interactive.com|587|inderjit.g@vriti-interactive.com|vriti123
fsadmail.com|587|fayyceepjs@fsadmail.com|qjwehegefr
mx.discard.email|587|natalia_gerlach75@mowgli.jungleheart.com|natalia_gerlach75
smsmail1.com|587|lgqcorlissv97@smsmail1.com|herman1102
blankreb.com|587|jesse@blankreb.com|woody1001
smtp.einforeach.com|25|editor@einforeach.com|675vista
mx.dmns.app|25|christian.mache@metadata-it.com|linkmacho
smtp.veocnc.com|587|gerry@veocnc.com|bakong29
smtp.zhwct.com|587|chris@zhwct.com|102060422
mail.century21hawkinsandkolb.com|25|donna@century21hawkinsandkolb.com|114conyers
elite-seo-marketing.com|587|baccageu11@elite-seo-marketing.com|jhfjhuht22
smtp.shmouldtech.com|587|sales_01@shmouldtech.com|5212030999
lntemsys.com|587|shubhobrata.banerjee@lntemsys.com|banershubho
pastas.balt.net|25|raimondas.mazulis@memel-law.com|lexestrex
mx.torpig-sinkhole.org|587|3b14q308@h.shoeonlineblog.com|woemkkd67
smsmail1.com|587|sicablea83@smsmail1.com|smstest1
smtp.a-factory.com|587|j.ishikawa@a-factory.com|jun1155
mail.oviknet.com|587|strandberg.nordin@oviknet.com|sepabade
mail.oviknet.com|587|harriet.bjallskog@oviknet.com|onwypqyc
mail.who-got-mail.com|587|tvw_jackson2880@who-got-mail.com|0882noskcaj
handbagsonlinebuy.com|587|biomaniahum@handbagsonlinebuy.com|el94nk2dpd
mail.bigmeeting4u.com|587|pen51203@200409hm1326.bigmeeting4u.com|5906526
mail.rmqkr.com|587|g112670@rmqkr.com|30121996
mail.solomonbaron.com|587|grifter1@solomonbaron.com|lnovelli
mail.solomonbaron.com|587|grayt@solomonbaron.com|mkarter
mail.oviknet.com|587|anki.wallvik@oviknet.com|ankiwall
mail.oviknet.com|587|ulla.debora@oviknet.com|ioniauki
mail.oviknet.com|587|design.maritha@oviknet.com|coluviie
mail.4warding.net|587|dvadsatii-a@4warding.net|1182309882
garandeau.net|25|postmaster@garandeau.net|unisys00
mail.fatflap.com|587|geerrt@fatflap.com|mindyes
mail.otaellc.com|587|cmartin@otaellc.com|cmartin
dlfeed.com|587|oliviana@dlfeed.com|suka1234
support-externe.alcatelaleniaspace.com|587|christophe.paletou@support-externe.alcatelaleniaspace.com|tortillon
smtp.hungtai-precision.com|587|andrewtat@hungtai-precision.com|371094
szczygiel.net|25|stanley@szczygiel.net|7697253
smtp.pullman-dongguan-forum.com|587|h6718-es@pullman-dongguan-forum.com|105497829499677
smtp.shanghaixinxin.com|587|peter@shanghaixinxin.com|philipe2008
prestigephone.com|587|gerencia@prestigephone.com|820402
smtp.pullman-dongguan-forum.com|587|h6718-fc@pullman-dongguan-forum.com|740319
mail.otaellc.com|587|ahicks@otaellc.com|ahicks1958
mail.sagomail.com|587|ismith@sagomail.com|sagocat
mx2.torpig-sinkhole.org|587|1wd0a625@h.shoeonlineblog.com|9ac08b14411c225
mail.6ip.us|587|lorenevergara6951@6ip.us|tpba4ydw6
mail.sfxmailbox.com|587|zella-beatham@greengrass.sfxmailbox.com|zellabeatham
mail.45hotmail.com|587|dfy.fuyf@45hotmail.com|rui110
mail.sfxmailbox.com|587|leanna.irvin35@bamboomat.sfxmailbox.com|leannairvi
mail.sfxmailbox.com|587|zita-aldridge@creamycups.sfxmailbox.com|zitaaldrid
mail.sfxmailbox.com|587|anja_bobo39@drycleaners.sfxmailbox.com|anjabobo75
mail.sfxmailbox.com|587|haley-deloach62@headlights.sfxmailbox.com|haleydeloa
mail.sfxmailbox.com|587|barbra-treloar@kimbell55.sfxmailbox.com|whdfg42adx11k
mail.sfxmailbox.com|587|refugio_hawk@headlights.sfxmailbox.com|95sfuh4l
mail.who-got-mail.com|587|tnc.jackson8464@xxx.who-got-mail.com|4648noskcaj.cnt
mail.sfxmailbox.com|587|houston.bone@letmeseecontact.sfxmailbox.com|houstonbone431929
mail.sfxmailbox.com|587|ginger-mcgee@testforcatchemall.sfxmailbox.com|xjvginger70154321
mail.sfxmailbox.com|587|emanuel.castles@schleusner47.sfxmailbox.com|buwsgie1v
mail.sfxmailbox.com|587|jarred.araujo94@creamycups.sfxmailbox.com|lnjaafra
mail.sfxmailbox.com|587|hyman_gleadow@schleusner47.sfxmailbox.com|coa8grkte
mail.sfxmailbox.com|587|doris-siede69@klimnekra.sfxmailbox.com|l2vsicz5s
mail.sfxmailbox.com|587|danial.gagai35@schleusner47.sfxmailbox.com|zmgpoi99a
mail.sfxmailbox.com|587|tina_maudsley75@massimo94.sfxmailbox.com|tina54p013
mail.sfxmailbox.com|587|jacob-frewin52@peachnectars.sfxmailbox.com|jacob75g852
mail.sfxmailbox.com|587|boyd_stowell@nordenson.sfxmailbox.com|ji0kh9wa
mail.sfxmailbox.com|587|jami_mounts@motortours.sfxmailbox.com|x4jsxnol
mail.sfxmailbox.com|587|karry-vang@schleusner47.sfxmailbox.com|vqbjlpw63
mail.sfxmailbox.com|587|kendra.ugalde37@schleusner47.sfxmailbox.com|bbtzdqix0n
mail.sfxmailbox.com|587|augusta-coons@luchesi34.sfxmailbox.com|w3wlkaic
mail.sfxmailbox.com|587|mariam.matney@schleusner47.sfxmailbox.com|6ltlyrkp8
mail.sfxmailbox.com|587|nichole.lerner@juicyorange.sfxmailbox.com|nicholelerner
mail.sfxmailbox.com|587|lyle_klinger64@keenum.sfxmailbox.com|lyleklinger6358
mail.sfxmailbox.com|587|reina_hatmaker@corporatelution1.sfxmailbox.com|ft2hioi1p
mail.sfxmailbox.com|587|emil.gregson67@bone182.sfxmailbox.com|emilgregson8578
mail.sfxmailbox.com|587|carl-vallejo62@keenum.sfxmailbox.com|carlvallejo2350
mail.sfxmailbox.com|587|agueda_turney69@bramsen.sfxmailbox.com|iotwvu68
mail.sfxmailbox.com|587|kevin-vieira@bramsen.sfxmailbox.com|kevinvieira9273
mail.sfxmailbox.com|587|taylor_butters@information.sfxmailbox.com|taylorbutters2
mail.sfxmailbox.com|587|chi_landis@luchesi34.sfxmailbox.com|o3xm6vmc
mail.sfxmailbox.com|587|luke-embley2@drycleaners.sfxmailbox.com|lukeembley
mail.sfxmailbox.com|587|hosea_arndell6@massimo94.sfxmailbox.com|hoseaarnde
mail.sfxmailbox.com|587|jesse-sloan@bramsen.sfxmailbox.com|jessesloan
mail.sfxmailbox.com|587|linnie-weld59@pobre67.sfxmailbox.com|linnieweld076374
mail.sfxmailbox.com|587|dylan.therry@extremecream.sfxmailbox.com|dylantherry16
mail.sfxmailbox.com|587|randy.madigan1@greatwalls.sfxmailbox.com|randymadigan86
mail.sfxmailbox.com|587|shayna.goheen97@penhallurick95.sfxmailbox.com|shaynagoheen52
mail.sfxmailbox.com|587|heidi_crossley@headlights.sfxmailbox.com|vacncpz1
mail.sfxmailbox.com|587|libby.tighe@peachnectars.sfxmailbox.com|libbytighe3955
mail.sfxmailbox.com|587|van-herington43@schleusner47.sfxmailbox.com|73qeaplac0
mail.sfxmailbox.com|587|moshe-cuni@greatwalls.sfxmailbox.com|moshecuni521
mail.sfxmailbox.com|587|stewart-heaton@goffman37.sfxmailbox.com|5a36y7bva5
mail.sfxmailbox.com|587|bert-zadow@schleusner47.sfxmailbox.com|01uuj4uo
mail.sfxmailbox.com|587|lenard_mcness89@penhallurick95.sfxmailbox.com|jol6khvl
mail.sfxmailbox.com|587|joey_alanson@massimo94.sfxmailbox.com|joeyalanso
mail.sfxmailbox.com|587|michaela-huhn@nordenson.sfxmailbox.com|b6ji7eycjb
mx.discard.email|587|newpp88@mowgli.jungleheart.com|zekisevinc11
mail.sfxmailbox.com|587|crystle-soileau@greatwalls.sfxmailbox.com|kk96gk3u
mail.sfxmailbox.com|587|tanya-ernest77@penhallurick95.sfxmailbox.com|bzrv3yyi
mail.sfxmailbox.com|587|lucia.meeson3@drycleaners.sfxmailbox.com|5x94y96e
mail.sagomail.com|587|ypevi@miami.sagomail.com|pialolo1
mail.sfxmailbox.com|587|dawna-maxie@luchesi34.sfxmailbox.com|dch8aafd
mail.sfxmailbox.com|587|shana_stallcup@keenum.sfxmailbox.com|zfsp7sws
mail.examplel.com|587|simgeli_bursa@examplel.com|heykanka
mail.gmbhh.com|587|kontakt@gmbhh.com|grawusel78
mail.sfxmailbox.com|587|randi-brewster8@greatwalls.sfxmailbox.com|27ef7266
mail.sfxmailbox.com|587|earle.orme@zinn85.sfxmailbox.com|506004f1c9
mail.sfxmailbox.com|587|wilton.sturgis7@favalora89.sfxmailbox.com|xeeye4zv
mx1.torpig-sinkhole.org|587|6v91gjn4hs@o.shoeonlineblog.com|44bd8819
mail.sfxmailbox.com|587|lyndon-sigel@awesomebikes.sfxmailbox.com|ugjd4itq
mail.sfxmailbox.com|587|erma-galvan@bramsen.sfxmailbox.com|306c4b139553
mail.sfxmailbox.com|587|avis-morin@bramsen.sfxmailbox.com|6249f5febad
mx1.torpig-sinkhole.org|587|76vycl213wc8xw@s.shoeonlineblog.com|dc2f2854d4a
mail.sfxmailbox.com|587|karin-withnell@corporatelution1.sfxmailbox.com|da6f78a5d70bf47d926
mail.sfxmailbox.com|587|tanesha.bourne@corporatelution1.sfxmailbox.com|a3258b33862fc9d4093
mail.sfxmailbox.com|587|dick_keartland@creamycups.sfxmailbox.com|v9325483124
mail.sfxmailbox.com|587|verna.elisha91@juicyorange.sfxmailbox.com|772e2642
mail.sfxmailbox.com|587|rocky.herz@favalora89.sfxmailbox.com|yhp6md60q
mx1.torpig-sinkhole.org|587|ixozevo@popemailwe.com|uo31gnpg
mx1.torpig-sinkhole.org|587|8sdprx4t3@k.shoeonlineblog.com|bwofbkl64
mx2.torpig-sinkhole.org|587|362go97mf@d.shoeonlineblog.com|dvare853
mx.torpig-sinkhole.org|587|3uab301k0@f.shoeonlineblog.com|boppwpw65
mail.sfxmailbox.com|587|temptest404563178@sfxmailbox.com|1i@e61jcsws
freeskyemail.org|587|moterjoteddick49@freeskyemail.org|807307415
kokorowith.com|587|facebook@kokorowith.com|with3715
smtp.gsta.com|587|chenww@gsta.com|63267156
sbtdats.com|587|rajagopal.s@sbtdats.com|gyy34nu
mail.sfxmailbox.com|587|sidney_parker@luchesi34.sfxmailbox.com|118e39112f9
mail.sfxmailbox.com|587|sally.epp13@corporatelution1.sfxmailbox.com|9c43d0c5998
mail.sfxmailbox.com|587|patty_kavel@baucom61133.sfxmailbox.com|494f0764f
mx2.torpig-sinkhole.org|587|0tx0y970@h.shoeonlineblog.com|iegrjij43
mx2.torpig-sinkhole.org|587|7ei2k135@h.shoeonlineblog.com|iegrjij434
mail.forgetably.com|587|0ykdph9lgj@forgetably.com|s3moober
mail.sfxmailbox.com|587|royal-pillinger@information.sfxmailbox.com|$p$bclnjfduxl1a
mail.sfxmailbox.com|587|sergio.fulford@information.sfxmailbox.com|$p$biyz8oznl5y0vx
mail.sfxmailbox.com|587|remona-brough@information.sfxmailbox.com|$p$bru0.
mail.sfxmailbox.com|587|jamal.haverfield@information.sfxmailbox.com|$p$behexfr97zkd5azlvsmj2pcu
mail.sfxmailbox.com|587|darby-grace@favalora89.sfxmailbox.com|$p$bg1iwvf5yslk/nipqijw1gb03n
mail.sfxmailbox.com|587|betty.piquet73@information.sfxmailbox.com|$p$bigd0bgra.takvlm5dftskze
mail.sibicomail.com|587|afvimo@mnawl.sibicomail.com|ausd8ubl
mail.sibicomail.com|587|ehawonusv@icapi.sibicomail.com|t5zceaxs
hysacam-proprete.com|587|nyoupayou_narcisse@hysacam-proprete.com|bizard2005
smtp.aniec.com|587|jcb01@aniec.com|rdzxgyhnko515
adsweu.com|587|daniela.russo@adsweu.com|daniela75
mail.biotechar.com|25|liju5193@biotechar.com|q6pi23rn01
webmail.ecco-me.com|587|h.soliman@ecco-me.com|ecco-me.com
slashpills.com|587|utetuerce@slashpills.com|k45awuh4df
mx.discard.email|587|gerson_beatty70@888.dns-cloud.net|gerson_beatty70
iconirl.com|587|hopkinsl@iconirl.com|rokina1
iconirl.com|587|fanzagoa@iconirl.com|eudendrium
mx1.torpig-sinkhole.org|587|agakav@popemailwe.com|7dvvt60g
ipmslindia.com|587|ananda.raj@ipmslindia.com|saminbanu!
iconirl.com|587|tuckerl@iconirl.com|vsx8983
slashpills.com|587|theokegedakat@slashpills.com|za47pik9gq
mail.imstations.com|587|tiveborne-3@imstations.com|tcudw4lmkwdck
iconirl.com|587|contec@iconirl.com|25dede
iconirl.com|587|hargadenn@iconirl.com|ealing5
mail.herchen.net|587|sebastian@herchen.net|sebseb02
annelida123.com|587|ani.bahdee@annelida123.com|gbconfirm!
mail.imstations.com|587|hlorisensia-2@imstations.com|fcw18zc05csgq
mail.6ip.us|587|cornellmorisset6703@6ip.us|sx3tvoj3$
mail.who-got-mail.com|587|mjmjackson7378@who-got-mail.com|wrpgs4ul
handbagsonlinebuy.com|587|pantlabbato@handbagsonlinebuy.com|144trjaziq
mail.imstations.com|587|tiveborne-1@imstations.com|truth28
mail.wowauctionguide.com|587|williamiszru@wowauctionguide.com|uketonjasuy
iconirl.com|587|morganal@iconirl.com|ox169aq
smtp.cndistribuidora.com|587|atendimento@cndistribuidora.com|pablo1030jean
iconirl.com|587|noponena@iconirl.com|affeli1
iconirl.com|587|khammarii@iconirl.com|regicon
mx1.torpig-sinkhole.org|587|uhonokuij@rettmail.com|yzus2zmt
iconirl.com|587|mcnamaran@iconirl.com|t6y7ui
lntemsys.com|587|rajesh.sangalge@lntemsys.com|gajraj@009
mail.imstations.com|587|hlorisensia-1@imstations.com|2aajaksa23
mx1.torpig-sinkhole.org|587|ugehefe@rettmail.com|dql2x8cn!
mail.mail-from-dot.com|587|consueloscofie@mail-from-dot.com|02w4qj8w1
mx.discard.email|587|caciporoguva@1mail.x24hr.com|caciporoguva@1mail.x24hr.com
mail.mail-from-dot.com|587|seritatruesdale@mail-from-dot.com|f0tj8ozq123
mail.mail-from-dot.com|587|shizukohenthorn@mail-from-dot.com|ol4qmfrz
mail.wowauctionguide.com|587|inciongmcb@wowauctionguide.com|wocaonima100ci$
mail.fatflap.com|587|cicutyremi132@fatflap.com|cicutyremi132
lntemsys.com|587|appasaheb.patil@lntemsys.com|bijapur_06!
mail.eleonoracalvelli.com|587|info@eleonoracalvelli.com|ladonnadipicche
mail.fatflap.com|587|al_nem@fatflap.com|alex14!
ductrong.gov.vn|25|thainq@ductrong.gov.vn|123456
smtp.brambillasca.it|587|foto@brambillasca.it|F1L2b3f4
smtp.giannisani.com|587|info@giannisani.com|montenero
solutionterminal.com|587|money@solutionterminal.com|Bi5rhcr5!
smtp.sh163.net|587|sk1020@sh163.net|Sk801020
smtp.fsyyy.com|587|pxiang@fsyyy.com|px116116
derpymail.org|587|madpixel@derpymail.org|temka8648
smtp.cpuia.org.cn|25|adm@cpuia.org.cn|h1b5l2
smtp.21cn.com|25|pangming105@21cn.com|3937077aa
smtp.lavinarte.it|587|info@lavinarte.it|viludo_10
smtp.ftol.com.cn|587|longjing@ftol.com.cn|Shiting521
kelta.com.ar|587|lucasvazquez@kelta.com.ar|qac27950
fibertecinc.com|587|szunino@fibertecinc.com|Fibertec1234
smtp.pugliameraviglia.it|587|info@pugliameraviglia.it|Umbracchie2013
fibertecinc.com|587|jaten@fibertecinc.com|fibertec1234
smtp.terranovaservizi.it|587|gvidale@terranovaservizi.it|b23052300772a
mail.bigmeeting4u.com|587|kapitalizm56058@bigmeeting4u.com|7813543
mail.living.org|587|dee@living.org|Carysister
fibertecinc.com|587|jcortes@fibertecinc.com|Fibertec1234
mail.leico-web.com.tw|25|k2020@leico-web.com.tw|a2345678
ductrong.gov.vn|25|thainq@ductrong.gov.vn|123456
kelta.com.ar|587|lucasvazquez@kelta.com.ar|qac27950
smtp.eresmas.com|25|eb2aty@eresmas.com|Toposk1975
marsatas.lt|587|atxas@marsatas.lt|Makacius321
mail.bigmeeting4u.com|587|kapitalizm56058@bigmeeting4u.com|7813543
smtp.ersel.tc|587|utku.ozbal@ersel.tc|karakartal23
mail.oopi.org|587|andreatbang@oopi.org|wh10itier
mail.colerainecable.com|587|scoop@colerainecable.com|scoop100
mail.pinkypetals.net|587|marylnblazierprwb@shaina.pinkypetals.net|ikz75k1m
mail.pinkypetals.net|587|maryloustancielremv@shaina.pinkypetals.net|z139ebpn
mail.examplel.com|587|lageronte@examplel.com|fbobh_
mail.pinkypetals.net|587|marylouisemeterfagc@pinksweet.pinkypetals.net|c8U31Dfp
mail.mail-from-dot.com|587|lenitatichenor@mail-from-dot.com|Mu30xxxP
mail.pinkypetals.net|587|maryamnegrettexrzc@ilovepink.pinkypetals.net|57n4eWRU
mail.pinkypetals.net|587|matthewaldingervges@james.pinkypetals.net|2Y5e6KEW
mail.pinkypetals.net|587|mathildanourynqle@pinksweet.pinkypetals.net|t331dktd
mail.pinkypetals.net|587|matthewfemiaidae@pinksweet.pinkypetals.net|473zuomi
mail.pinkypetals.net|587|maudechalkleyjceg@shaina.pinkypetals.net|ms669ggt
mail.domozmail.com|587|uuui865@domozmail.com|byiojdhykx
mail.mail-from-dot.com|587|delsiebeamon@mail-from-dot.com|RWg5fIu5
smtp.brambillasca.it|587|foto@brambillasca.it|F1L2b3f4
smtp.giannisani.com|587|info@giannisani.com|montenero
ductrong.gov.vn|25|thainq@ductrong.gov.vn|123456
solutionterminal.com|587|money@solutionterminal.com|Bi5rhcr5!
smtp.sh163.net|587|sk1020@sh163.net|Sk801020
smtp.fsyyy.com|587|pxiang@fsyyy.com|px116116
smtp.cpuia.org.cn|25|adm@cpuia.org.cn|h1b5l2
derpymail.org|587|madpixel@derpymail.org|temka8648
smtp.21cn.com|25|pangming105@21cn.com|3937077aa
smtp.lavinarte.it|587|info@lavinarte.it|viludo_10
smtp.ftol.com.cn|587|longjing@ftol.com.cn|Shiting521
kelta.com.ar|587|lucasvazquez@kelta.com.ar|qac27950
fibertecinc.com|587|szunino@fibertecinc.com|Fibertec1234
smtp.pugliameraviglia.it|587|info@pugliameraviglia.it|Umbracchie2013
smtp.terranovaservizi.it|587|gvidale@terranovaservizi.it|b23052300772a
fibertecinc.com|587|jaten@fibertecinc.com|fibertec1234
mail.living.org|587|dee@living.org|Carysister
mail.leico-web.com.tw|25|k2020@leico-web.com.tw|a2345678
mail.bigmeeting4u.com|587|kapitalizm56058@bigmeeting4u.com|7813543
smtp.eresmas.com|25|eb2aty@eresmas.com|Toposk1975
smtp.eresmas.com|25|fusca@eresmas.com|oropesa
smtp.eresmas.com|25|juanmis@eresmas.com|83sali91nas
smtp.eresmas.com|25|csanv@eresmas.com|as5k9art
fibertecinc.com|587|jcortes@fibertecinc.com|Fibertec1234
ductrong.gov.vn|25|thainq@ductrong.gov.vn|123456
kelta.com.ar|587|lucasvazquez@kelta.com.ar|qac27950
marsatas.lt|587|atxas@marsatas.lt|Makacius321
smtp.ersel.tc|587|utku.ozbal@ersel.tc|karakartal23
mail.bigmeeting4u.com|587|kapitalizm56058@bigmeeting4u.com|7813543
smtp.jjmti.net|2525|donovan.b@jjmti.net|jeremi19
mail.gmbhh.com|587|kontakt@gmbhh.com|grawusel78
mail.herchen.net|587|sebastian@herchen.net|sebseb02
smtp.mikulic.com|2525|ernie1@mikulic.com|crimson55
live-namsouth3.office365.com|587|zelania.silva@educacao.ba.gov.br|Vidanova2018
smtp.seoulglass.com|25|kyk@seoulglass.com|kyk46477
mcfaddenmusic.ca|587|info@mcfaddenmusic.ca|davd4613
smtp-qa.junao.club|25|3mruii@junao.club|q42ptt6sguji
pastas.balt.net|25|raimondas.mazulis@memel-law.com|lexestrex
smtp.aliyun.com|25|wongsing@aliyun.com|beyond4543
mail.mail-from-dot.com|587|oteliacarleton@mail-from-dot.com|5ogruxsm
mail.mail-from-dot.com|587|marikorochester@mail-from-dot.com|5e6kiwei
mail.4warding.net|587|gottalexii-2@4warding.net|f5hi7iojsxajm
smtp.gsta.com|587|zhouw@gsta.com|85210511
mx.discard.email|587|zovucijalagi@1mail.x24hr.com|zovucijalagi
mail.oviknet.com|587|mikael.hagglund@oviknet.com|miha6510
sbtdats.com|587|delhi.itsupport@sbtdats.com|jamessonu
mx1.torpig-sinkhole.org|587|6zrncx5f7@k.shoeonlineblog.com|bwofbkl645
mx.discard.email|587|brigitte.hermiston7@1mail.x24hr.com|brigitte.hermiston7
mmarelli-se.com|587|flaviano.garberoglio@mmarelli-se.com|piddurules
mx.discard.email|587|dariana75@mowgli.jungleheart.com|dariana75
mail.mail-from-dot.com|587|dottyroache@mail-from-dot.com|uvlx4fcw
mx.discard.email|587|ella_stiedemann@eu.dns-cloud.net|ella_stiedemann
advertfast.com|587|lechilka@advertfast.com|85874179057742160021
mxb.mailgun.org|2525|contact@ya-hsin.com|88104204
mail.oviknet.com|587|charina@oviknet.com|w6v3b9
mx2.torpig-sinkhole.org|587|inesasi@rettmail.com|k4qhwkbj
mail.forgetably.com|587|xh7lnq47b2@forgetably.com|212web
mx2.torpig-sinkhole.org|587|ebifbefe@rettmail.com|wfugfidi
mail.rmqkr.com|587|f1113795@rmqkr.com|player791
smtp.gsta.com|587|yaows@gsta.com|hjyws6972
mx1.torpig-sinkhole.org|587|5iww6o1w7@k.shoeonlineblog.com|bwofbkl64!
mail.4warding.net|587|hidasarro-1@4warding.net|c32n7zopuyhzw
mx.discard.email|587|herminia1@mowgli.jungleheart.com|herminia1
mx.discard.email|587|citicegociyi@mowgli.jungleheart.com|citicegociyi
smsmail1.com|587|rlhlocklairt48@smsmail1.com|emmalee24
mail.oviknet.com|587|pontus@oviknet.com|lallekalle
mx.discard.email|587|ceyijijirisi@mowgli.jungleheart.com|ceyijijirisi
mx.discard.email|587|genesis_shanahan49@eu.dns-cloud.net|genesis_shanahan49
lntemsys.com|587|deepak.gopalakrishnan@lntemsys.com|ammikutty
mx2.torpig-sinkhole.org|587|7ia7k026@h.shoeonlineblog.com|woemkkd67!
mx.discard.email|587|assunta_morar@asia.dnsabr.com|assunta_morar
mx.torpig-sinkhole.org|587|91pkpk31@c.shoeonlineblog.com|jinvkal89!
mail.oviknet.com|587|matte@oviknet.com|spraxx
smtp.gsta.com|587|dghstw@gsta.com|dwsrweedf
mx.discard.email|587|mustafa90@asia.dnsabr.com|mustafa90
handbagsonlinebuy.com|587|eseclicevalp@handbagsonlinebuy.com|5sjisni55d1
mx.torpig-sinkhole.org|587|bg49iyevn4@c.shoeonlineblog.com|jinvkal8910
vriti-interactive.com|587|inderjit.g@vriti-interactive.com|vriti123
fsadmail.com|587|fayyceepjs@fsadmail.com|qjwehegefr
mx.discard.email|587|natalia_gerlach75@mowgli.jungleheart.com|natalia_gerlach75
smsmail1.com|587|lgqcorlissv97@smsmail1.com|herman1102
blankreb.com|587|jesse@blankreb.com|woody1001
smtp.einforeach.com|25|editor@einforeach.com|675vista
mx.dmns.app|25|christian.mache@metadata-it.com|linkmacho
smtp.veocnc.com|587|gerry@veocnc.com|bakong29
smtp.zhwct.com|587|chris@zhwct.com|102060422
mail.century21hawkinsandkolb.com|25|donna@century21hawkinsandkolb.com|114conyers
elite-seo-marketing.com|587|baccageu11@elite-seo-marketing.com|jhfjhuht22
smtp.shmouldtech.com|587|sales_01@shmouldtech.com|5212030999
lntemsys.com|587|shubhobrata.banerjee@lntemsys.com|banershubho
pastas.balt.net|25|raimondas.mazulis@memel-law.com|lexestrex
mx.torpig-sinkhole.org|587|3b14q308@h.shoeonlineblog.com|woemkkd67

